日期/时间,代码,名称,开盘价,最高价,最低价,收盘价,前收盘价,成交量,成交额,换手率,涨幅%,振幅%,是否ST,量比,总股本,流通股本,总市值,流通市值,市盈率,市净率
20260807,000063,中兴通讯,34.78,35.38,34.49,34.7,34.7,158640500,5516770000,3.94,0,2.56,false,1.21,4783534887,4027621232,165989000000,139758000000,37.09,2.22
20260806,000063,中兴通讯,34.2,34.98,33.95,34.7,34.74,150150800,5160710000,3.73,-0.12,2.96,false,1.19,4783534887,4027621232,165989000000,139758000000,37.09,2.22
20260805,000063,中兴通讯,34,34.97,33.96,34.74,34.37,166013200,5759750000,4.12,1.08,2.94,false,1.43,4783534887,4027621232,166180000000,139920000000,37.14,2.22
20260804,000063,中兴通讯,34.24,34.54,34.1,34.37,34.02,120741700,4144220000,3,1.03,1.29,false,1,4783534887,4027621232,164410000000,138429000000,36.74,2.2
20260803,000063,中兴通讯,33.5,34.27,33.38,34.02,33.81,79148100,2686590000,1.97,0.62,2.63,false,0.59,4783534887,4027621232,162736000000,137020000000,36.37,2.18
20260731,000063,中兴通讯,34.48,34.61,33.8,33.81,33.3,139157100,4754840000,3.46,1.53,2.43,false,0.98,4783534887,4027621232,161731000000,136174000000,36.14,2.16
20260730,000063,中兴通讯,33.74,34.12,33.06,33.3,34.08,128022200,4295360000,3.18,-2.29,3.11,false,0.74,4783534887,4027621232,159292000000,134120000000,35.6,2.13
20260729,000063,中兴通讯,33.79,34.22,33.38,34.08,33.63,111623500,3773110000,2.77,1.37,2.5,false,0.45,4783534887,4027621232,163023000000,137261000000,36.43,2.18
20260728,000063,中兴通讯,34.08,34.47,33.55,33.63,34.83,147240000,5050550000,3.66,-3.46,2.64,false,0.56,4783534887,4027621232,162784000000,137060000000,36.38,2.12
20260727,000063,中兴通讯,34.31,34.83,33.75,34.83,34.59,141024800,4903200000,3.5,0.71,3.14,false,0.47,4783534887,4027621232,168620000000,141974000000,37.68,2.2
20260724,000063,中兴通讯,34.6,35.4,34.39,34.59,35.49,179142000,6307640000,4.45,-2.56,2.84,false,0.54,4783534887,4027621232,167424000000,140967000000,37.41,2.18
20260723,000063,中兴通讯,36.57,37.11,35.39,35.49,37.06,283559700,10344890000,7.04,-4.21,4.64,false,0.82,4783534887,4027621232,171825000000,144672000000,38.4,2.24
20260722,000063,中兴通讯,33.84,37.92,33.71,37.06,34.47,482599800,17989050000,11.98,7.51,12.21,false,1.59,4783534887,4027621232,179383000000,151036000000,40.09,2.34
20260721,000063,中兴通讯,33.45,34.53,32.01,34.47,33.33,235192000,7976110000,5.84,3.41,7.56,false,0.74,4783534887,4027621232,166850000000,140483000000,37.28,2.18
20260720,000063,中兴通讯,35.57,35.75,32.75,33.33,35.57,307859100,10650330000,7.64,-6.31,8.44,false,0.95,4783534887,4027621232,161349000000,135852000000,36.06,2.1
20260717,000063,中兴通讯,38.51,38.8,35.57,35.57,39.53,349713100,12871410000,8.68,-10,8.15,false,1.02,4783534887,4027621232,172207000000,144994000000,38.48,2.25
20260716,000063,中兴通讯,39.53,40.92,38.83,39.53,38.98,361370000,14582860000,8.97,1.39,5.35,false,0.95,4783534887,4027621232,191341000000,161105000000,42.76,2.5
20260715,000063,中兴通讯,39.92,40.79,38.33,38.98,39.44,267769200,10679580000,6.65,-1.15,6.24,false,0.73,4783534887,4027621232,188710000000,158890000000,42.17,2.46
20260714,000063,中兴通讯,40.51,41.09,37.16,39.44,39.57,307129600,11991110000,7.63,-0.32,9.92,false,0.96,4783534887,4027621232,190911000000,160742000000,42.66,2.49
20260713,000063,中兴通讯,40.51,42,39.11,39.57,40.05,332314400,13691870000,8.25,-1.21,7.2,false,1.17,4783534887,4027621232,191533000000,161266000000,42.8,2.5
20260710,000063,中兴通讯,39.33,42.49,39.16,40.05,39.85,450271800,18634060000,11.18,0.5,8.36,false,2,4783534887,4027621232,193877000000,163239000000,43.32,2.53
20260709,000063,中兴通讯,36.66,40.02,36.54,39.85,36.43,535935300,20983640000,13.31,9.38,9.55,false,3.47,4783534887,4027621232,192920000000,162434000000,43.11,2.52
20260708,000063,中兴通讯,36.35,37.06,35.7,36.43,35.37,197502600,7264850000,4.9,3.02,3.83,false,1.24,4783534887,4027621232,176369000000,148498000000,39.41,2.3
20260707,000063,中兴通讯,35.29,36.06,35.19,35.37,35.85,87954800,3164910000,2.18,-1.35,2.43,false,0.53,4783534887,4027621232,171203000000,144149000000,38.26,2.23
20260706,000063,中兴通讯,35.57,36.71,34.78,35.85,35.95,151437500,5448750000,3.76,-0.27,5.36,false,0.95,4783534887,4027621232,173547000000,146122000000,38.78,2.26
20260703,000063,中兴通讯,34.88,37.06,34.88,35.95,34.9,153867000,5562540000,3.82,3,6.23,false,0.88,4783534887,4027621232,174025000000,146525000000,38.89,2.27
20260702,000063,中兴通讯,35.85,35.87,34.79,34.9,36.74,182467500,6489880000,4.53,-5,2.93,false,0.98,4783534887,4027621232,168954000000,142256000000,37.76,2.2
20260701,000063,中兴通讯,35.97,37.97,35.85,36.74,35.76,220129400,8277460000,5.47,2.74,5.91,false,1.26,4783534887,4027621232,177852000000,149747000000,39.74,2.32
20260630,000063,中兴通讯,34.77,36.16,34.68,35.76,34.78,121548400,4386760000,3.02,2.81,4.23,false,0.63,4783534887,4027621232,173116000000,145760000000,38.69,2.26
20260629,000063,中兴通讯,34.93,35.75,34.32,34.78,35.25,117996000,4156140000,2.93,-1.32,4.07,false,0.52,4783534887,4027621232,168380000000,141772000000,37.63,2.2
20260626,000063,中兴通讯,37.34,37.34,35.25,35.25,37.98,234579800,8538130000,5.82,-7.21,5.52,false,1.04,4783534887,4027621232,170629000000,143665000000,38.13,2.22
20260625,000063,中兴通讯,37.46,38.34,36.87,37.98,36.98,234078800,8923520000,5.81,2.73,3.98,false,1.12,4783534887,4027621232,183879000000,154822000000,41.09,2.4
20260624,000063,中兴通讯,37.06,37.93,36.36,36.98,37.56,162730800,6099570000,4.04,-1.55,4.16,false,0.74,4783534887,4027621232,179000000000,150714000000,40,2.33
20260623,000063,中兴通讯,38.64,38.79,37.15,37.56,38.96,216201992,8306842436.45,5.368,-3.601,4.185,false,1.03,4783534887,4027621231,181822161549,153089881812,40.6305,2.371
20260622,000063,中兴通讯,37.62,39.19,37.44,38.96,37.44,293603432,11394971648,7.2897,4.064,4.671,false,1.44,4783534887,4027621231,188614781107,158809103916,42.1484,2.4595
20260618,000063,中兴通讯,36.97,38.18,36.57,37.44,37.19,218073777,8270111232,5.4145,0.664,4.33,false,1.04,4783534887,4027621231,181248137361,152606567268,40.5022,2.3635
20260617,000063,中兴通讯,37.06,37.67,36.68,37.19,37.55,151487212,5690613248,3.7612,-0.947,2.632,false,0.64,4783534887,4027621231,180052253636,151599661968,40.235,2.3479
20260616,000063,中兴通讯,36.46,38.02,36.12,37.55,36.78,212886750,8030855168,5.2857,2.096,5.185,false,0.83,4783534887,4027621231,181774326200,153049605600,40.6198,2.3703
20260615,000063,中兴通讯,36.08,37.06,35.28,36.78,35.92,173493166,6385605632,4.3076,2.393,4.952,false,0.62,4783534887,4027621231,178043168978,149908061064,39.786,2.3217
20260612,000063,中兴通讯,38.14,38.24,35.72,35.92,37.36,261471118,9702653952,6.4919,-3.861,6.744,false,0.81,4783534887,4027621231,173881493142,146404031783,38.8561,2.2637
20260611,000063,中兴通讯,37.46,39.03,36.84,37.36,37.97,248050245,9493877760,6.1587,-1.588,5.778,false,0.78,4783534887,4027621231,180865454077,152284358782,40.4167,2.3546
20260610,000063,中兴通讯,38.22,40.04,37.44,37.97,38.68,281770842,11004386304,6.996,-1.84,6.719,false,0.9,4783534887,4027621231,183783410359,154741207733,41.0688,2.3926
20260609,000063,中兴通讯,36.95,38.86,36.75,38.68,36.37,310750077,12031236096,7.7155,6.33,5.814,false,1.09,4783534887,4027621231,187227555477,157641095020,41.8384,2.4374
20260608,000063,中兴通讯,37.57,38.54,36.07,36.37,38.67,302349169,11393949696,7.5069,-5.929,6.389,false,1.18,4783534887,4027621231,176081919190,148256737550,39.3478,2.2923
20260605,000063,中兴通讯,37.14,40.81,36.61,38.67,37.29,463705394,18325624832,11.5131,3.683,11.261,false,2.12,4783534887,4027621231,187179720128,157600818808,41.8277,2.4368
20260604,000063,中兴通讯,35.93,38.04,35.6,37.29,36.01,240591339,9066393600,5.9735,3.568,6.778,false,1.12,4783534887,4027621231,180530606635,152002425296,40.3419,2.3502
20260603,000063,中兴通讯,36.36,37.85,35.57,36.01,35.87,243270052,9078989824,6.04,0.386,6.336,false,1.25,4783534887,4027621231,174312011282,146766517694,38.9523,2.2693
20260602,000063,中兴通讯,34.7,36.03,34.39,35.87,34.68,177378383,6345225728,4.404,3.419,4.729,false,0.96,4783534887,4027621231,173642316398,146202650722,38.8026,2.2606
20260601,000063,中兴通讯,36.22,36.39,34.64,34.68,36.29,161557217,5788833280,4.0112,-4.412,4.82,false,0.94,4783534887,4027621231,167902074534,141369505243,37.5199,2.1858
20260529,000063,中兴通讯,38.04,38.32,36.01,36.29,37.85,269924703,10129414144,6.7018,-4.125,6.11,false,1.91,4783534887,4027621231,175651401051,147894251639,39.2516,2.2867
20260528,000063,中兴通讯,34.81,37.85,34.04,37.85,34.41,222717372,8163250176,5.5297,9.994,11.057,false,1.71,4783534887,4027621231,183209386172,154257893186,40.9405,2.3851
20260527,000063,中兴通讯,35.12,35.68,34.02,34.41,35.12,144730259,5101837824,3.5934,-2.026,4.727,false,1.21,4783534887,4027621231,166562684765,140241771298,37.2206,2.1684
20260526,000063,中兴通讯,35.57,35.57,34.36,35.12,35.84,125958803,4434649088,3.1274,-2.013,3.391,false,1.09,4783534887,4027621231,170006829884,143141658585,37.9902,2.2132
20260525,000063,中兴通讯,35.43,35.9,35.28,35.84,35.22,93430940,3369327104,2.3198,1.768,1.768,false,0.76,4783534887,4027621231,173498810351,146081822085,38.7705,2.2587
20260522,000063,中兴通讯,34.69,35.28,34.25,35.22,34.42,119684280,4217793280,2.9716,2.326,2.986,false,0.93,4783534887,4027621231,170485183373,143544420708,38.0971,2.2195
20260521,000063,中兴通讯,37.32,37.42,34.27,34.42,36.74,168355165,6107719680,4.18,-6.321,8.58,false,1.31,4783534887,4027621231,166610520114,140282047511,37.2313,2.169
20260520,000063,中兴通讯,36.86,37.7,36.69,36.74,37.2,91169664,3419307008,2.2636,-1.248,2.709,false,0.68,4783534887,4027621231,177851827099,149746957406,39.7433,2.3154
20260519,000063,中兴通讯,37.01,37.35,36.31,37.2,37.07,105085365,3914401536,2.6091,0.373,2.799,false,0.76,4783534887,4027621231,180100088496,151639939385,40.2457,2.3446
20260518,000063,中兴通讯,35.97,37.63,35.59,37.07,36.28,134080666,5000486912,3.329,2.179,5.612,false,0.93,4783534887,4027621231,179430393611,151076072412,40.096,2.3359
20260515,000063,中兴通讯,37.19,37.84,36.15,36.28,37.12,146967367,5466586624,3.649,-2.263,4.553,false,1.03,4783534887,4027621231,175603565702,147853975427,39.2409,2.2861
20260514,000063,中兴通讯,39.14,39.72,37.12,37.12,38.37,163800662,6364577792,4.0669,-3.271,6.799,false,1.17,4783534887,4027621231,179669570356,151277453474,40.1495,2.339
20260513,000063,中兴通讯,37.4,38.44,37.25,38.37,37.64,121557110,4674426880,3.0181,1.943,3.15,false,0.77,4783534887,4027621231,185744659662,156392532439,41.507,2.4181
20260512,000063,中兴通讯,38.44,38.54,37.51,37.64,38.65,126951673,4873756160,3.152,-2.608,2.659,false,0.83,4783534887,4027621231,182204843846,153412092727,40.716,2.372
20260511,000063,中兴通讯,38.74,39.02,38.1,38.65,38.22,164649887,6423026688,4.088,1.112,2.404,false,1.18,4783534887,4027621231,187084049431,157520266384,41.8063,2.4355
20260508,000063,中兴通讯,38.06,38.44,37.48,38.22,38.44,137817377,5295616000,3.4218,-0.566,2.494,false,1.03,4783534887,4027621231,185027129429,155788389254,41.3467,2.4088
20260507,000063,中兴通讯,38.14,38.48,37.59,38.44,37.8,146336014,5647115264,3.6333,1.699,2.353,false,1.05,4783534887,4027621231,186079507104,156674465925,41.5819,2.4225
20260506,000063,中兴通讯,37.07,38.64,37.01,37.8,36.27,216711363,8321463808,5.3806,4.223,4.496,false,1.87,4783534887,4027621231,182970209428,154056512124,40.887,2.382
20260430,000063,中兴通讯,35.78,36.39,35.28,36.27,35.99,98381385,3578015744,2.4427,0.769,3.103,false,0.8,4783534887,4027621231,175555730353,147813699214,39.2302,2.2855
20260429,000063,中兴通讯,35.4,36.55,35.15,35.99,35.58,96826940,3518802176,2.4041,1.139,3.943,false,0.65,4783534887,4027621231,174216340585,146685965269,38.9309,2.268
20260428,000063,中兴通讯,36.56,36.56,35.4,35.58,36.82,113250297,4108537088,2.8118,-3.355,3.167,false,0.79,4783534887,4027621231,172255091281,145034640564,38.4926,2.2425
20260427,000063,中兴通讯,35.38,37.33,34.92,36.82,35.95,168435634,6228963840,4.182,2.419,6.707,false,1.34,4783534887,4027621231,178234509890,150069167104,39.8288,2.3203
20260424,000063,中兴通讯,36.14,36.66,35.52,35.95,36.41,103407016,3763717120,2.57,-1.28,3.12,false,0.88,4783534887,4027621232,174024999189.06,146524860420.16,30.977732,2.311131
20260423,000063,中兴通讯,36.76,37.14,36.07,36.41,36.9,133095929,4930924544,3.3,-1.31,2.89,false,1.27,4783534887,4027621232,176273260585.95,148417842399.2,31.377939,2.340988
20260422,000063,中兴通讯,34.66,37,34.59,36.9,34.78,230832460,8493459968,5.73,6.08,6.93,false,3.07,4783534887,4027621232,178617192680.58,150391376802.88,31.795176,2.372117
20260421,000063,中兴通讯,35.19,35.23,34.35,34.78,35.41,79104000,2775543296,1.96,-1.76,2.48,false,1.01,4783534887,4027621232,168380428022.4,141772267366.4,29.972957,2.236168
20260420,000063,中兴通讯,34.9,35.66,34.81,35.41,34.91,82386576,2953620480,2.05,1.42,2.43,false,1.03,4783534887,4027621232,171394055001.21,144309668742.56,30.509405,2.27619
20260417,000063,中兴通讯,34.78,35.44,34.74,34.91,34.98,61008831,2164790784,1.51,-0.2,1.98,false,0.66,4783534887,4027621232,169002287557.71,142295858126.56,30.083652,2.244427
20260416,000063,中兴通讯,35,35.17,34.54,34.98,34.79,71566355,2525964288,1.78,0.54,1.82,false,0.62,4783534887,4027621232,169337134999.8,142577791612.8,30.143258,2.248874
20260415,000063,中兴通讯,35.54,35.6,34.64,34.79,35.41,82120548,2915665408,2.04,-1.73,2.71,false,0.69,4783534887,4027621232,168428263371.27,141812543578.72,29.981472,2.236803
20260414,000063,中兴通讯,35.67,35.97,35.05,35.41,35.3,94191345,3388093440,2.34,0.31,2.6,false,0.87,4783534887,4027621232,171394055001.21,144309668742.56,30.509405,2.27619
20260413,000063,中兴通讯,35.1,35.77,34.88,35.3,35.37,92006380,3285500672,2.28,-0.2,2.51,false,0.93,4783534887,4027621232,170867866163.64,143866630407.04,30.415739,2.269202
20260410,000063,中兴通讯,35.08,35.74,34.78,35.37,35.14,124541087,4450874880,3.09,0.65,2.73,false,1.48,4783534887,4027621232,171202713605.73,144148563893.28,30.475344,2.273649
20260409,000063,中兴通讯,33.3,35.47,33.14,35.14,33.64,183752288,6429909504,4.56,4.47,6.93,false,3.21,4783534887,4027621232,170102500581.72,143222211009.92,30.279498,2.259038
20260408,000063,中兴通讯,32.61,33.65,32.61,33.64,31.96,97677765,3281673472,2.43,5.26,3.25,false,1.97,4783534887,4027621232,162831527553.48,137100226737.28,28.985212,2.162476
20260407,000063,中兴通讯,31.77,32.16,31.69,31.96,31.7,40459381,1308445440,1,0.81,1.5,false,0.78,4783534887,4027621232,154699518245.58,130253270642.88,27.537654,2.054479
20260403,000063,中兴通讯,31.95,32.23,31.7,31.7,31.67,46858410,1514504960,1.16,0.09,1.68,false,0.93,4783534887,4027621232,153455799174.96,129206089122.56,27.316263,2.037962
20260402,000063,中兴通讯,32.4,32.52,31.54,31.67,32.6,53087898,1715197312,1.32,-2.85,3,false,1.07,4783534887,4027621232,153312293128.35,129085260485.6,27.290718,2.036056
20260401,000063,中兴通讯,32.67,32.77,32.32,32.6,32.06,48471315,1596884864,1.2,1.7,1.39,false,0.92,4783534887,4027621232,157808815922.13,132871224443.68,28.091132,2.095772
20260331,000063,中兴通讯,32.12,32.9,32.05,32.06,32.2,59161649,1940619136,1.47,-0.46,2.64,false,1.09,4783534887,4027621232,155177871734.28,130656032766.08,27.622804,2.060832
20260330,000063,中兴通讯,31.73,32.21,31.42,32.2,32.29,51249862,1651482496,1.27,-0.28,2.45,false,0.77,4783534887,4027621232,155895401967.33,131260175950.88,27.75053,2.070361
20260327,000063,中兴通讯,31.85,32.56,31.64,32.29,32.29,41130528,1339007360,1.02,0,2.85,false,0.56,4783534887,4027621232,156325920107.16,131622661861.76,27.827166,2.076079
20260326,000063,中兴通讯,32.88,33.13,32.2,32.29,33.05,48435809,1599337984,1.2,-2.3,2.81,false,0.63,4783534887,4027621232,156325920107.16,131622661861.76,27.827166,2.076079
20260325,000063,中兴通讯,32.61,33.44,32.61,33.05,32.53,62863706,2103146752,1.56,1.61,2.55,false,0.81,4783534887,4027621232,160009241970.15,134723930210.4,28.482824,2.124995
20260324,000063,中兴通讯,32.12,32.54,31.62,32.53,31.67,67932857,2202265088,1.69,2.71,2.9,false,0.88,4783534887,4027621232,157473968480.04,132589290957.44,28.031527,2.091325
20260323,000063,中兴通讯,33.17,33.24,31.52,31.67,33.86,110640288,3625221632,2.75,-6.48,5.08,false,1.6,4783534887,4027621232,153312293128.35,129085260485.6,27.290718,2.036056
20260320,000063,中兴通讯,35.03,35.22,33.86,33.86,34.93,80158372,2789730816,1.99,-3.06,3.88,false,1.18,4783534887,4027621232,163931740577.49,138026579620.64,29.181058,2.177088
20260319,000063,中兴通讯,35.18,35.39,34.76,34.93,35.82,62797096,2229283072,1.56,-2.48,1.74,false,0.83,4783534887,4027621232,169097958255.45,142376410551.2,30.100682,2.245697
20260318,000063,中兴通讯,35.41,36.05,34.95,35.82,35.41,66984593,2399879424,1.66,1.17,3.1,false,0.79,4783534887,4027621232,173403139653.75,146001269660,30.867036,2.302872
20260317,000063,中兴通讯,36.25,36.3,35.34,35.41,36.07,64914771,2344666624,1.61,-1.84,2.68,false,0.71,4783534887,4027621232,171394055001.21,144309668742.56,30.509405,2.27619
20260316,000063,中兴通讯,35.88,36.21,35.16,36.07,36.03,71952396,2592702208,1.79,0.11,2.91,false,0.67,4783534887,4027621232,174599023375.5,147008174968,31.079913,2.318754
20260313,000063,中兴通讯,36.36,36.78,35.92,36.03,36.68,73166993,2685444352,1.82,-1.78,2.34,false,0.68,4783534887,4027621232,174407681980.02,146847070118.72,31.045852,2.316213
20260312,000063,中兴通讯,36.37,37.65,36.25,36.68,36.68,101379123,3787622656,2.52,0,3.83,false,0.93,4783534887,4027621232,177564815005.44,149505300131.84,31.607845,2.358141
20260311,000063,中兴通讯,36.56,37.45,36.55,36.68,36.43,113584992,4251217920,2.82,0.68,2.47,false,1.09,4783534887,4027621232,177564815005.44,149505300131.84,31.607845,2.358141
20260310,000063,中兴通讯,35.73,36.49,35.63,36.43,35.28,99600867,3643111424,2.47,3.28,2.44,false,0.88,4783534887,4027621232,176368931283.69,148498394823.84,31.394969,2.342259
20260309,000063,中兴通讯,35.57,35.57,34.39,35.28,36.96,149206982,5261724160,3.7,-4.55,3.21,false,1.46,4783534887,4027621232,170772195465.9,143786077982.4,30.398709,2.267932
20260306,000063,中兴通讯,37.05,37.21,36.59,36.96,37.43,78066967,2915545600,1.94,-1.27,1.66,false,0.75,4783534887,4027621232,178904204773.8,150633034076.8,30.63232,2.38652
20260305,000063,中兴通讯,37.04,37.85,36.82,37.43,36.53,106307649,4018976000,2.64,2.46,2.81,false,1.04,4783534887,4027621232,181200301519.56,152566292268.16,31.025462,2.417149
20260304,000063,中兴通讯,36,37.31,35.97,36.53,36.31,89577043,3322085632,2.22,0.6,3.7,false,0.9,4783534887,4027621232,176847284772.39,148901156947.04,30.28013,2.359082
20260303,000063,中兴通讯,37.73,38.69,36.25,36.31,37.39,144149266,5467610624,3.58,-2.88,6.53,false,1.65,4783534887,4027621232,175794907097.25,148015080276,30.09994,2.345043
20260302,000063,中兴通讯,37.51,37.97,37.05,37.39,38.19,93338625,3542532608,2.32,-2.1,2.43,false,1.18,4783534887,4027621232,181008960124.08,152405187418.88,30.9927,2.414597
20260227,000063,中兴通讯,37.65,38.39,37.31,38.19,38.11,86148352,3306058496,2.14,0.21,2.83,false,1.18,4783534887,4027621232,184883623382.55,155667560616.8,31.656127,2.466284
20260226,000063,中兴通讯,37.52,38.28,37.38,38.11,37.51,98020425,3769272576,2.43,1.61,2.4,false,1.54,4783534887,4027621232,184500940591.59,155345350918.24,31.590604,2.461179
20260225,000063,中兴通讯,37.45,37.75,37.16,37.51,37.32,77337475,2930917376,1.92,0.5,1.56,false,1.24,4783534887,4027621232,181582984310.52,152888501966.72,31.090986,2.422254
20260224,000063,中兴通讯,37.04,37.55,36.8,37.32,36.72,82620729,3111933440,2.05,1.64,2.05,false,1.3,4783534887,4027621232,180674112681.99,152123253932.64,30.935367,2.41013
20260213,000063,中兴通讯,36.76,37.33,36.67,36.72,37.09,52123338,1947656320,1.29,-0.99,1.79,false,0.8,4783534887,4027621232,177756156400.92,149666404981.12,30.435749,2.371206
20260212,000063,中兴通讯,36.82,37.2,36.72,37.09,36.91,54168417,2027036288,1.34,0.48,1.31,false,0.81,4783534887,4027621232,179526064309.11,151156624836.96,30.738796,2.394816
20260211,000063,中兴通讯,37.14,37.43,36.87,36.91,37.14,52536731,1972593920,1.3,-0.61,1.52,false,0.73,4783534887,4027621232,178665028029.45,150431653015.2,30.591368,2.38333
20260210,000063,中兴通讯,36.72,37.4,36.68,37.14,36.83,70048273,2629858816,1.74,0.83,1.96,false,0.89,4783534887,4027621232,179765241053.46,151358005898.56,30.779748,2.398006
20260209,000063,中兴通讯,36.36,36.94,36.25,36.83,35.88,87706082,3256165632,2.18,2.64,1.93,false,1.03,4783534887,4027621232,178282345238.49,150109443316.64,30.525844,2.378225
20260206,000063,中兴通讯,35.85,36.26,35.65,35.88,36.14,59527448,2168002816,1.48,-0.71,1.67,false,0.63,4783534887,4027621232,173690151746.97,146242926933.92,29.73956,2.316967
20260205,000063,中兴通讯,36.3,36.54,35.89,36.14,36.68,64320470,2356087808,1.6,-1.48,1.78,false,0.6,4783534887,4027621232,174933870817.59,147290108454.24,29.952512,2.333557
20260204,000063,中兴通讯,36.56,36.68,36.08,36.68,36.82,80106346,2950244864,1.99,-0.38,1.64,false,0.73,4783534887,4027621232,177564815005.44,149505300131.84,30.402987,2.368653
20260203,000063,中兴通讯,37.04,37.09,36.1,36.82,36.64,100838031,3737483008,2.5,0.49,2.7,false,0.88,4783534887,4027621232,178234509889.62,150069167104.32,30.517653,2.377587
20260202,000063,中兴通讯,37.76,38.29,36.42,36.64,38.03,120066040,4521814528,2.98,-3.66,4.91,false,1.07,4783534887,4027621232,177373473609.96,149344195282.56,30.370225,2.366101
20260130,000063,中兴通讯,38.54,38.72,37.82,38.03,39.04,103648928,4009946880,2.57,-2.58,2.3,false,0.89,4783534887,4027621232,184118257800.63,155023141219.68,31.52508,2.456074
20260129,000063,中兴通讯,38.98,40.26,38.32,39.04,39.18,128684845,5106299392,3.2,-0.35,4.94,false,1.16,4783534887,4027621232,188997463385.37,159131314876.32,32.360507,2.521161
20260128,000063,中兴通讯,39.72,39.87,39.03,39.18,39.72,96973075,3858640384,2.41,-1.37,2.11,false,0.83,4783534887,4027621232,189667158269.55,159695181848.8,32.475173,2.530094
20260127,000063,中兴通讯,39.01,39.82,38.27,39.72,39.03,126645533,5030108160,3.14,1.77,3.97,false,1.11,4783534887,4027621232,192298102457.4,161910373526.4,32.925649,2.56519
20260126,000063,中兴通讯,39.54,40.17,38.89,39.03,39.64,107269648,4266550016,2.66,-1.52,3.22,false,0.99,4783534887,4027621232,188949628036.5,159091038664,32.352316,2.520523
20260123,000063,中兴通讯,39.12,39.72,38.77,39.64,39.32,125222529,4981089280,3.11,0.8,2.44,false,1.18,4783534887,4027621232,191867584317.57,161547887615.52,32.851935,2.559447
20260122,000063,中兴通讯,39.46,39.67,38.88,39.32,39.05,100181155,3976747776,2.49,0.68,2.02,false,0.9,4783534887,4027621232,190336853153.73,160259048821.28,32.58984,2.539028
20260121,000063,中兴通讯,37.76,39.51,37.75,39.05,38.13,126087363,4968779776,3.13,2.41,4.61,false,1.04,4783534887,4027621232,189045298734.24,159171591088.64,32.368697,2.521799
20260120,000063,中兴通讯,39.01,39.08,37.86,38.13,39.08,110193672,4272560128,2.74,-2.43,3.14,false,0.77,4783534887,4027621232,184596611289.33,155425903342.88,31.606985,2.462455
20260119,000063,中兴通讯,39.36,39.42,38.89,39.08,39.55,81690247,3234093568,2.03,-1.17,1.32,false,0.46,4783534887,4027621232,189188804780.85,159292419725.6,32.393269,2.523713
20260116,000063,中兴通讯,39.53,39.82,39.09,39.55,39.37,113486703,4527618048,2.82,0.45,1.86,false,0.61,4783534887,4027621232,191437066177.74,161185401704.64,32.77822,2.553704
20260115,000063,中兴通讯,39.48,39.68,38.8,39.37,39.91,122178124,4854055424,3.03,-1.36,2.23,false,0.61,4783534887,4027621232,190576029898.08,160460429882.88,32.630792,2.542218
20260114,000063,中兴通讯,39.75,40.93,39.51,39.91,39.8,181556900,7398304256,4.51,0.27,3.57,false,0.95,4783534887,4027621232,193206974085.93,162675621560.48,33.081267,2.577314
20260113,000063,中兴通讯,41.94,41.94,39.55,39.8,41.94,218361983,8952069120,5.42,-5.09,5.7,false,1.2,4783534887,4027621232,192680785248.36,162232583224.96,32.991172,2.570295
20260112,000063,中兴通讯,39.84,42.31,39.67,41.94,39.75,259293063,10812097536,6.44,5.49,6.64,false,1.64,4783534887,4027621232,203013220604.28,170932245086.08,34.760312,2.708126
20260109,000063,中兴通讯,39.46,39.91,39.06,39.75,39.52,149988277,5999525888,3.72,0.6,2.15,false,0.98,4783534887,4027621232,192441608504.01,162031202163.36,32.95022,2.567105
20260108,000063,中兴通讯,38.24,39.92,38.16,39.52,38.46,190323482,7583580160,4.73,2.75,4.57,false,1.46,4783534887,4027621232,191293560131.13,161064573067.68,32.753649,2.55179
20260107,000063,中兴通讯,38.9,38.95,38.06,38.46,38.81,133066209,5178015232,3.3,-0.89,2.29,false,1.06,4783534887,4027621232,186175177802.04,156755018349.44,31.87727,2.483513
20260106,000063,中兴通讯,37.85,38.93,37.65,38.81,37.8,176451241,6857102848,4.38,2.67,3.4,false,1.61,4783534887,4027621232,187849415012.49,158164685780.64,32.163936,2.505846
20260105,000063,中兴通讯,37.39,37.99,37.14,37.8,37.39,139218049,5313967104,3.46,1.08,2.27,false,1.37,4783534887,4027621232,182970209427.75,154056512124,31.328509,2.440759
20251231,000063,中兴通讯,37.01,37.68,36.89,37.39,36.83,129593138,4900209152,3.22,1.53,2.15,false,1.2,4783534887,4027621232,181008960124.08,152405187418.88,30.9927,2.414597
20251230,000063,中兴通讯,36.82,37.21,36.76,36.83,37.04,75279807,2812987648,1.8691,-0.56,1.23,false,0.66,4783534887,4027621232,178282345238.49,150109443316.64,30.525844,2.378225
20251229,000063,中兴通讯,37.34,37.78,36.74,37.04,37.45,108612762,4088965376,2.6967,-1.108,2.77,false,0.96,4783534887,4027621232,179286887564.76,150955243775.36,30.697844,2.391625
20251226,000063,中兴通讯,37.66,37.66,37.04,37.45,37.66,94240602,3566502400,2.3399,-0.551,1.65,false,0.83,4783534887,4027621232,181295972217.3,152646844692.8,31.041843,2.418426
20251225,000063,中兴通讯,37.92,37.98,37.29,37.66,37.82,99080499,3768902656,2.46,-0.418,1.83,false,0.9,4783534887,4027621232,182300514543.57,153492645151.52,31.213843,2.431826
20251224,000063,中兴通讯,36.66,38.03,36.49,37.82,36.75,164073896,6202909696,4.0737,2.904,4.19,false,1.58,4783534887,4027621232,183065880125.49,154137064548.64,31.34489,2.442036
20251223,000063,中兴通讯,36.88,36.99,36.41,36.75,36.93,100401302,3729607424,2.4928,-0.482,1.55,false,0.93,4783534887,4027621232,177899662447.53,149787233618.08,30.46032,2.37312
20251222,000063,中兴通讯,36.67,37.24,36.61,36.93,36.59,109079722,4078535936,2.7083,0.918,1.73,false,0.96,4783534887,4027621232,178760698727.19,150512205439.84,30.607749,2.384606
20251219,000063,中兴通讯,36.32,36.92,36.21,36.59,36.09,96817050,3592574208,2.4038,1.397,1.97,false,0.63,4783534887,4027621232,177134296865.61,149142814220.96,30.329273,2.36291
20251218,000063,中兴通讯,36.07,36.72,35.95,36.09,36.52,81610528,3001421824,2.0263,-1.191,2.11,false,0.36,4783534887,4027621232,174694694073.24,147088727392.64,29.911559,2.330367
20251217,000063,中兴通讯,35.39,36.74,35.39,36.52,35.35,130463977,4765070336,3.2392,3.327,3.83,false,0.59,4783534887,4027621232,176799449423.52,148860880734.72,30.27194,2.358444
20251216,000063,中兴通讯,36.25,36.28,35.19,35.35,36.4,121609438,4381168128,3.0194,-2.905,2.99,false,0.53,4783534887,4027621232,171107042907.99,144068011468.64,29.297275,2.282509
20251215,000063,中兴通讯,36.9,37.13,36.38,36.4,37.3,136359186,5060885504,3.3856,-2.411,1.99,false,0.58,4783534887,4027621232,176225425237.08,148377566186.88,30.173654,2.350786
20251212,000063,中兴通讯,36.46,38.29,35.95,37.3,37.37,295769275,11059139584,7.3435,-0.185,6.27,false,1.42,4783534887,4027621232,180578441984.25,152042701508,30.918986,2.408854
20251211,000063,中兴通讯,40.51,40.51,37.37,37.37,41.52,436171362,16918579200,10.8302,-9.995,7.57,false,2.86,4783534887,4027360077,180913289426.34,152314758112.14,30.976319,2.413321
20251210,000063,中兴通讯,41.51,41.86,40.99,41.52,41.87,112848446,4719894528,2.802,-0.826,2.08,false,0.59,4783534887,4027360077,201004135951.74,169229670435.54,34.416312,2.681326
20251209,000063,中兴通讯,41.52,43.08,41.5,41.87,41.73,176312787,7555512320,4.3779,0.332,3.79,false,0.73,4783534887,4027360077,202678373162.19,170639246462.49,34.702978,2.703659
20251208,000063,中兴通讯,41.02,42.17,41.01,41.73,41.45,152076359,6429272064,3.7761,0.668,2.81,false,0.55,4783534887,4027360077,202008678278.01,170075416051.71,34.588312,2.694726
20251205,000063,中兴通讯,42.45,42.48,41.18,41.45,42.41,165802791,6986521600,4.1169,-2.26,3.08,false,0.61,4783534887,4027360077,200669288509.65,168947755230.15,34.358979,2.676859
20251204,000063,中兴通讯,42.31,42.98,41.92,42.41,42.79,154390238,6625696256,3.8335,-0.878,2.47,false,0.53,4783534887,4027360077,205309317350.04,172854294504.84,35.153454,2.738755
20251203,000063,中兴通讯,44.47,45.18,42.74,42.79,44.96,302888390,13400097792,7.5208,-4.835,5.43,false,1.15,4783534887,4027360077,207127060607.1,174384691334.1,35.464691,2.763003
20251202,000063,中兴通讯,47.2,47.2,44.47,44.96,45.75,438002305,20271708160,10.8757,-1.728,5.98,false,2.12,4783534887,4027360077,217650837358.5,183244883503.5,37.266592,2.903387
20251201,000063,中兴通讯,41.95,45.75,41.53,45.75,41.59,327257555,14665961472,8.1259,10.002,10.14,false,2.08,4783534887,4027360077,221477665268.1,186466771565.1,37.921829,2.954436
20251128,000063,中兴通讯,41.82,42.28,41.11,41.59,41.8,140096802,5892270080,3.4786,-0.497,2.81,false,0.94,4783534887,4027360077,201338983393.83,169511585640.93,34.473646,2.685792
20251127,000063,中兴通讯,41.88,42.84,41.02,41.8,40.48,261494670,11094588416,6.493,3.246,4.49,false,2.37,4783534887,4027360077,202343525720.1,170357331257.1,34.645645,2.699193
20251126,000063,中兴通讯,39.12,40.86,39.05,40.48,39.39,151758716,6205553152,3.7682,2.785,4.59,false,1.63,4783534887,4027360077,195981424320.39,165000942354.69,33.556314,2.614324
20251125,000063,中兴通讯,38.56,39.97,38.5,39.39,38.19,151104684,6025716736,3.752,3.131,3.86,false,1.92,4783534887,4027360077,190671700595.82,160530572669.22,32.647173,2.543495
20251124,000063,中兴通讯,37.75,38.67,37.47,38.19,37.62,82158420,3161839616,2.04,1.524,3.18,false,1,4783534887,4027360077,184883623382.55,155657466976.05,31.656127,2.466284
20251121,000063,中兴通讯,38.14,38.64,37.54,37.62,38.73,99937543,3846514432,2.4815,-2.858,2.83,false,1.3,4783534887,4027360077,182109173148.09,153321598131.39,31.181081,2.429273
20251120,000063,中兴通讯,39.29,39.5,38.67,38.73,38.82,67198837,2656227072,1.6686,-0.255,2.14,false,0.83,4783534887,4027360077,187466732221.53,157832241417.63,32.098412,2.500741
20251119,000063,中兴通讯,38.75,39.43,38.61,38.82,38.98,65518369,2581836800,1.6268,-0.406,2.1,false,0.69,4783534887,4027360077,187945085710.23,158234977425.33,32.180317,2.507122
20251118,000063,中兴通讯,38.6,39.34,38.43,38.98,38.74,78984680,3115580416,1.9612,0.638,2.35,false,0.77,4783534887,4027360077,188710451292.15,158879355037.65,32.311364,2.517332
20251117,000063,中兴通讯,39.11,39.52,38.44,38.74,39.29,98087659,3857551360,2.4355,-1.409,2.74,false,0.96,4783534887,4027360077,187514567570.4,157872515018.4,32.106603,2.50138
20251114,000063,中兴通讯,39.67,40.18,39.25,39.29,39.87,75455771,3027462400,1.8736,-1.462,2.33,false,0.72,4783534887,4027360077,190193347107.12,160127836661.52,32.565268,2.537114
20251113,000063,中兴通讯,39.11,40.12,38.98,39.87,39.26,85035481,3413382144,2.1114,1.561,2.89,false,0.69,4783534887,4027360077,193015632690.45,162503979106.95,33.048506,2.574762
20251112,000063,中兴通讯,39.63,39.88,38.74,39.26,40.42,134244074,5337907712,3.3333,-2.861,2.84,false,1.14,4783534887,4027360077,190049841060.51,160007015859.21,32.540697,2.535199
20251111,000063,中兴通讯,41.9,41.9,40.21,40.42,41.61,119779158,4943348224,2.9741,-2.873,4.06,false,0.98,4783534887,4027360077,195646576878.3,164719027149.3,33.498981,2.609858
20251110,000063,中兴通讯,41.2,41.75,41.01,41.61,41.23,94867699,3974226944,2.3556,0.935,1.8,false,0.72,4783534887,4027360077,201434654091.57,169592132842.47,34.490027,2.687069
20251107,000063,中兴通讯,41.55,41.64,41.11,41.23,42.1,93528781,3913369088,2.3223,-2.066,1.27,false,0.62,4783534887,4027360077,199569075485.64,168021462412.44,34.170599,2.662182
20251106,000063,中兴通讯,40.91,42.15,40.83,42.1,40.61,171531123,7220528640,4.2591,3.65,3.26,false,1.06,4783534887,4027360077,203778586186.2,171565539280.2,34.891359,2.718336
20251105,000063,中兴通讯,40.45,41.05,40.25,40.61,41.24,110508624,4552635904,2.7439,-1.51,1.94,false,0.5,4783534887,4027360077,196603283855.7,165524499164.7,33.66279,2.62262
20251104,000063,中兴通讯,42.1,42.49,40.91,41.24,42.28,141174163,5956845568,3.5054,-2.477,3.74,false,0.61,4783534887,4027360077,199616910834.51,168061736013.21,34.178789,2.662821
20251103,000063,中兴通讯,42.62,42.69,41.6,42.28,42.95,143913239,6131808256,3.5734,-1.542,2.53,false,0.59,4783534887,4027360077,204687457814.73,172330737694.83,35.046978,2.73046
20251031,000063,中兴通讯,44.12,44.13,42.89,42.95,44.3,186297077,8184852480,4.6258,-3.056,2.81,false,0.77,4783534887,4027360077,207892426189.02,175029068946.42,35.595739,2.773213
20251030,000063,中兴通讯,45.07,45.34,44.23,44.3,45.65,228519633,10333210624,5.6742,-2.965,2.42,false,1.01,4783534887,4027360077,214445868984.21,180546552251.91,36.717832,2.860634
20251029,000063,中兴通讯,44.91,46.15,44.06,45.65,48.81,399195903,18259603456,9.9121,-6.459,4.27,false,2.22,4783534887,4027360077,220999311779.4,186064035557.4,37.839925,2.948054
20251028,000063,中兴通讯,49.8,49.99,48.34,48.81,50.71,196055252,9748756480,4.8681,-3.761,3.25,false,1.06,4783534887,4027360077,236258788068.93,198911314203.03,30.485331,3.156927
20251027,000063,中兴通讯,49.9,51.88,49.51,50.71,49.26,207191737,10598538240,5.1446,2.949,4.81,false,1.14,4783534887,4027360077,245491010400.84,206684119151.64,31.676599,3.28029
20251024,000063,中兴通讯,48.22,49.54,47.9,49.26,47.62,180263335,8928361472,4.476,3.445,3.44,false,0.86,4783534887,4027360077,238459214116.95,200763899838.45,30.76926,3.18633
20251023,000063,中兴通讯,49.16,49.17,46.9,47.62,49.35,153119678,7360532992,3.802,-3.504,4.61,false,0.62,4783534887,4027360077,230518546204.53,194078482110.63,29.744647,3.080225
20251022,000063,中兴通讯,49.6,49.98,48.14,49.35,50.63,163856972,8130304000,4.0686,-2.537,3.63,false,0.62,4783534887,4027360077,238889732256.78,201126362245.38,30.824812,3.192082
20251021,000063,中兴通讯,48.29,51.33,47.73,50.63,48.02,224207585,11278479360,5.5671,5.432,7.49,false,0.77,4783534887,4027360077,245108327609.88,206361930345.48,31.62722,3.275176
20251020,000063,中兴通讯,48.42,49.28,47.27,48.02,48.05,188081515,9182116864,4.6701,-0.062,4.17,false,0.57,4783534887,4027360077,232479795508.2,195729699742.2,29.997714,3.106432
20251017,000063,中兴通讯,52.77,53.24,48.05,48.05,53.39,319595274,16078399488,7.9356,-9.994,9.72,false,0.88,4783534887,4027360077,232623301554.81,195850520544.51,30.016231,3.108349
20251016,000063,中兴通讯,49.81,54.61,49.81,53.39,49.8,336962904,18015223808,8.3668,7.202,9.62,false,0.88,4783534887,4027360077,258454389944.61,217598264960.31,33.349311,3.453508
20251015,000063,中兴通讯,50.43,51.07,47.96,49.8,49.61,244937954,12216470528,6.0818,0.398,6.27,false,0.67,4783534887,4027360077,241090158304.8,202978947880.8,31.108741,3.221485
20251014,000063,中兴通讯,53.47,55.19,49.41,49.61,53.03,366750968,19415044096,9.1065,-6.465,10.9,false,1.13,4783534887,4027360077,240133451327.4,202173475865.4,30.985293,3.208701
20251013,000063,中兴通讯,50.44,54.35,49.61,53.03,51.38,368249886,19317776384,9.1437,3.212,9.23,false,1.2,4783534887,4027360077,256732317385.29,216148415332.59,33.127105,3.430498
20251010,000063,中兴通讯,50.41,53.45,49.41,51.38,49.39,490694689,25514362880,12.184,4.042,8.18,false,1.88,4783534887,4027360077,248743814124,209422724004,32.09632,3.323754
20251009,000063,中兴通讯,45.34,49.61,45.32,49.39,45.1,450868585,22120683520,11.1951,9.509,9.51,false,2.2,4783534887,4027360077,239081073652.26,201287456648.46,30.849501,3.194639
20250930,000063,中兴通讯,44.68,45.63,44.13,45.1,44.58,149081871,6773192704,3.7017,1.175,3.37,false,0.69,4783534887,4027360077,218320532242.68,183808713914.28,28.170693,2.917234
20250929,000063,中兴通讯,43.89,45.06,43.11,44.58,43.94,165732749,7404033536,4.1152,1.439,4.43,false,0.74,4783534887,4027360077,215785258752.57,181674213073.47,27.843557,2.883357
20250926,000063,中兴通讯,44.82,46.49,43.3,43.94,45.26,274751909,12387881984,6.8221,-2.904,7.05,false,1.39,4783534887,4027360077,212723796424.89,179096702624.19,27.448526,2.842449
20250925,000063,中兴通讯,43.48,45.81,43.31,45.26,43.45,265946092,12084419584,6.6035,4.162,5.75,false,1.36,4783534887,4027360077,219085897824.6,184453091526.6,28.269451,2.92746
20250924,000063,中兴通讯,42.37,43.68,42,43.45,42.98,170832588,7400153600,4.2418,1.081,3.91,false,0.89,4783534887,4027360077,210332028981.39,177083022585.69,27.139907,2.81049
20250923,000063,中兴通讯,44.5,44.76,41.75,42.98,44.49,210379325,9153775616,5.2238,-3.376,6.77,false,1.13,4783534887,4027360077,208083767584.5,175190163349.5,26.849806,2.780448
20250922,000063,中兴通讯,43.57,45.21,43.34,44.49,43.26,199678040,8962316288,4.958,2.832,4.32,false,1.17,4783534887,4027360077,215354740612.74,181311750666.54,27.788006,2.877604
20250919,000063,中兴通讯,43.47,44.66,43.17,43.26,43.73,143703379,6367967744,3.5682,-1.062,3.41,false,0.77,4783534887,4027360077,209423157352.86,176317824171.06,27.022632,2.798345
20250918,000063,中兴通讯,43.78,45.2,42.97,43.73,43.61,250780818,11268108288,6.2269,0.272,5.12,false,1.33,4783534887,4027360077,211671418749.75,178210683407.25,27.312734,2.828387
20250917,000063,中兴通讯,43.69,44.71,43.08,43.61,43.78,152762323,6760498176,3.7931,-0.384,3.72,false,0.84,4783534887,4027360077,211097394563.31,177727400198.01,27.238665,2.820717
20250916,000063,中兴通讯,42.66,44.36,42.65,43.78,42.55,182967796,8082184192,4.5431,2.88,4.02,false,1.08,4783534887,4027360077,211910595494.1,178412051411.1,27.343595,2.831583
20250915,000063,中兴通讯,43.49,43.51,42.49,42.55,43.56,125341918,5438838784,3.1123,-2.314,2.34,false,0.72,4783534887,4027360077,205979012234.22,173418124915.62,26.578222,2.752324
20250912,000063,中兴通讯,42.52,44.72,42.52,43.56,43.22,221412621,9822820352,5.4977,0.777,5.1,false,1.34,4783534887,4027360077,210858217818.96,177526032194.16,27.207803,2.817521
20250911,000063,中兴通讯,40.69,43.81,40.1,43.22,40.6,258558096,11063660544,6.42,6.449,9.13,false,1.51,4783534887,4027360077,209231815957.38,176156729767.98,26.997943,2.795789
20250910,000063,中兴通讯,40.27,41.11,40.1,40.6,40.18,121846417,5020502528,3.0255,1.058,2.51,false,0.66,4783534887,4027360077,196555448506.83,165484225563.93,25.362265,2.626405
20250909,000063,中兴通讯,41.33,41.49,39.87,40.18,41.31,118595078,4865690624,2.9447,-2.727,3.92,false,0.54,4783534887,4027360077,194498528505.42,163752460730.82,25.096853,2.59892
20250908,000063,中兴通讯,41.35,41.96,40.61,41.31,41.32,155408356,6488447488,3.8588,-0.048,3.25,false,0.61,4783534887,4027360077,199951758276.6,168343651218.6,25.800503,2.671787
20250905,000063,中兴通讯,40.82,41.52,39.74,41.32,40.36,171662102,7068335616,4.2624,2.4,4.41,false,0.63,4783534887,4027360077,200047428974.34,168424198420.14,25.812848,2.673065
20250904,000063,中兴通讯,43.39,43.74,39.63,40.36,43.42,286618254,11960715264,7.1168,-7.055,9.47,false,1,4783534887,4027360077,195359564785.08,164477385544.68,25.207956,2.610425
20250903,000063,中兴通讯,44.29,44.79,42.85,43.42,44.3,185077993,8174452736,4.5955,-1.985,4.39,false,0.6,4783534887,4027360077,210188522934.78,176962201783.38,27.12139,2.808572
20250902,000063,中兴通讯,47.1,47.63,43.53,44.3,47.43,302199658,13876967424,7.5037,-6.604,8.65,false,1.03,4783534887,4027360077,214445868984.21,180546552251.91,27.670731,2.86546
20250901,000063,中兴通讯,45.82,48.3,45.46,47.43,44.9,322863809,15332547584,8.0168,5.634,6.34,false,1.01,4783534887,4027360077,229609674576,193313283696,29.627372,3.068081
20250829,000063,中兴通讯,45.56,45.8,44.47,44.9,46.86,265928498,12094795776,6.603,-4.176,2.85,false,0.75,4783534887,4027360077,217363825265.28,183003241898.88,28.047246,2.90445
20250828,000063,中兴通讯,43.48,46.88,43.23,46.86,43.58,353370637,16286232576,8.7742,7.528,8.37,false,0.91,4783534887,4027360077,226835224341.54,190977414851.34,27.877061,3.138143
20250827,000063,中兴通讯,44.76,46.03,43.48,43.58,44.49,288887778,13093776384,7.1731,-2.044,5.73,false,0.73,4783534887,4027360077,210953888516.7,177606579395.7,25.925314,2.918433
20250826,000063,中兴通讯,44.48,45.44,43.83,44.49,45.3,242269171,10938261504,6.0156,-1.789,3.53,false,0.62,4783534887,4027360077,215354740612.74,181311750666.54,26.466159,2.979316
20250825,000063,中兴通讯,47.02,47.33,43.95,45.3,46,447663969,20601147392,11.1155,-1.525,7.35,false,1.19,4783534887,4027360077,219277239220.08,184614185929.68,26.948217,3.033582
20250822,000063,中兴通讯,42.98,46.13,42,46,42.06,443629570,19832363008,11.0154,9.375,9.82,false,1.46,4783534887,4027360077,222673548989.85,187473611584.35,27.365609,3.080568
20250821,000063,中兴通讯,43.01,43.41,41.8,42.06,39.47,510560082,21992747008,12.6772,6.56,4.08,false,2.29,4783534887,4027360077,203587244790.72,171404444877.12,25.019985,2.816519
20250820,000063,中兴通讯,37.65,39.91,36.98,39.47,37.35,337923758,13222735872,8.3907,5.661,7.86,false,1.8,4783534887,4027360077,191054383386.78,160852761475.38,23.479751,2.643134
20250819,000063,中兴通讯,37.31,37.72,36.93,37.35,37.86,210663950,7958206976,5.2308,-1.331,2.09,false,1.3,4783534887,4027360077,180817618728.6,152234210910.6,22.221697,2.501514
20250818,000063,中兴通讯,35.03,38.27,35.03,37.86,34.79,385922318,14703286272,9.5825,8.804,9.32,false,4.05,4783534887,4027360077,183257221520.97,154288164549.87,22.521514,2.535264
20250815,000063,中兴通讯,34.29,34.87,34.29,34.79,34.4,79052758,2773536512,1.9629,1.149,1.69,false,0.89,4783534887,4027360077,168428263371.27,141803348311.17,20.6991,2.330114
20250814,000063,中兴通讯,35,35.14,34.37,34.4,35.08,102818630,3613913856,2.553,-1.944,2.2,false,1.28,4783534887,4027360077,166514849416.47,140192404280.37,20.463949,2.303643
20250813,000063,中兴通讯,34.14,35.08,34.1,35.08,34.14,161077819,5661894656,3.9996,2.75,2.87,false,2.67,4783534887,4027360077,169815488488.5,142971282733.5,20.869584,2.349305
20250812,000063,中兴通讯,33.6,34.24,33.49,34.14,33.6,83261946,2859970048,2.0674,1.618,2.24,false,1.49,4783534887,4027360077,165271130345.85,139145290660.35,20.311102,2.286437
20250811,000063,中兴通讯,33.39,33.76,33.38,33.6,33.38,50037762,1702018688,1.2424,0.651,1.12,false,0.93,4783534887,4027360077,162640186158,136930242618,19.98777,2.250039
20250808,000063,中兴通讯,33.76,33.79,33.35,33.38,33.79,48431216,1642794240,1.2026,-1.199,1.29,false,0.81,4783534887,4027360077,161587808482.86,136044223401.06,19.858438,2.23548
20250807,000063,中兴通讯,34.13,34.28,33.62,33.79,34.14,59849986,2049471744,1.4861,-1.042,1.94,false,0.85,4783534887,4027360077,163549057786.53,137695441032.63,20.099467,2.262613
20250806,000063,中兴通讯,33.94,34.64,33.68,34.14,34.01,60412669,2085994624,1.5001,0.378,2.82,false,0.82,4783534887,4027360077,165271130345.85,139145290660.35,20.311102,2.286437
20250805,000063,中兴通讯,33.53,34.14,33.53,34.01,33.47,61492521,2104820864,1.5269,1.624,1.83,false,0.67,4783534887,4027360077,164649270810.54,138621733850.34,20.234678,2.277834
20250804,000063,中兴通讯,33.2,33.48,33.19,33.47,33.5,37928775,1279438976,0.9418,-0.089,0.86,false,0.4,4783534887,4027360077,162018326622.69,136406685807.99,19.911346,2.241436
20250801,000063,中兴通讯,33.82,34.17,33.16,33.5,33.88,78598461,2674808832,1.9516,-1.137,2.97,false,0.85,4783534887,4027360077,162161832669.3,136527506610.3,19.928983,2.243421
20250731,000063,中兴通讯,34.18,35.05,33.77,33.88,34.19,113587805,3964945664,2.8204,-0.896,3.76,false,1.26,4783534887,4027360077,164027411275.23,138098177040.33,20.158254,2.26923
20250730,000063,中兴通讯,34.55,34.68,33.95,34.19,34.67,76581180,2660685056,1.9015,-1.396,2.11,false,0.86,4783534887,4027360077,165510307090.2,139346658664.2,20.340496,2.289745
20250729,000063,中兴通讯,33.73,35.36,33.11,34.67,34.06,149059110,5137128960,3.7011,1.799,6.59,false,2.05,4783534887,4027360077,167854239184.83,141320065101.93,20.628555,2.322173
20250728,000063,中兴通讯,34.12,34.26,33.86,34.06,33.98,55473677,1911719936,1.3774,0.233,1.16,false,0.73,4783534887,4027360077,164888447554.89,138823101854.19,20.264072,2.281142
20250725,000063,中兴通讯,34.23,34.24,33.68,33.98,34.26,66062165,2268594688,1.6403,-0.808,1.64,false,0.83,4783534887,4027360077,164505764763.93,138500913048.03,20.217042,2.275848
20250724,000063,中兴通讯,33.49,34.44,33.41,34.26,33.49,103503424,3552664576,2.57,2.302,3.07,false,1.15,4783534887,4027360077,165845154532.29,139628573869.59,20.381647,2.294378
20250723,000063,中兴通讯,33.49,33.83,33.35,33.49,33.55,69232444,2348470016,1.719,-0.177,1.44,false,0.76,4783534887,4027360077,162113997320.43,136487233009.53,19.923104,2.242759
20250722,000063,中兴通讯,33.71,33.8,33.33,33.55,33.84,70118948,2378126848,1.7411,-0.876,1.37,false,0.71,4783534887,4027360077,162401009413.65,136728874614.15,19.958376,2.24673
20250721,000063,中兴通讯,33.81,33.93,33.54,33.84,33.81,72688397,2480094976,1.8049,0.088,1.17,false,0.76,4783534887,4027360077,163836069879.75,137937082637.25,20.134739,2.266583
