date,close,pe_ttm,pb,total_mv,float_mv,total_share,float_share,is_st
2022-08-22,181.22,96.757545,25.559704,149353910585.36,8562743221.24,824157988,47250542,False
2022-08-23,182.0,97.174005,25.669717,149996753816.0,8599598644.0,824157988,47250542,False
2022-08-24,176.0,93.970467,24.823463,145051805888.0,8316095392.0,824157988,47250542,False
2022-08-25,172.59,92.149789,24.342508,142241427148.92,8154971043.78,824157988,47250542,False
2022-08-26,169.5,90.499967,23.906687,139694778966.0,8008966869.0,824157988,47250542,False
2022-08-29,173.9,92.849228,24.527274,143321074113.2,8216869253.8,824157988,47250542,False
2022-08-30,177.0,94.50439,24.964505,145875963876.0,8363345934.0,824157988,47250542,False
2022-08-31,172.0,91.834774,24.259293,141755173936.0,8127093224.0,824157988,47250542,False
2022-09-01,162.5,86.762505,22.919391,133925673050.0,7678213075.0,824157988,47250542,False
2022-09-02,167.2,89.271943,23.58229,137799215593.6,7900290622.4,824157988,47250542,False
2022-09-05,163.0,87.029466,22.989912,134337752044.0,7701838346.0,824157988,47250542,False
2022-09-06,159.0,84.893774,22.425742,131041120092.0,7512836178.0,824157988,47250542,False
2022-09-07,159.4,85.107343,22.482159,131370783287.2,7531736394.8,824157988,47250542,False
2022-09-08,157.0,83.825928,22.143657,129392804116.0,7418335094.0,824157988,47250542,False
2022-09-09,172.0,91.834774,24.259293,141755173936.0,8127093224.0,824157988,47250542,False
2022-09-13,165.0,88.097313,23.271997,135986068020.0,7796339430.0,824157988,47250542,False
2022-09-14,174.18,92.998727,24.566766,143551838349.84,8230099405.56,824157988,47250542,False
2022-09-15,168.74,90.094185,23.799495,139068418895.12,7973056457.08,824157988,47250542,False
2022-09-16,172.0,91.834774,24.259293,141755173936.0,8127093224.0,824157988,47250542,False
2022-09-19,165.3,88.25749,23.314309,136233315416.4,7810514592.6,824157988,47250542,False
2022-09-20,165.92,88.588522,23.401756,136744293368.96,7839809928.64,824157988,47250542,False
2022-09-21,166.96,89.143802,23.54844,137601417676.48,7888950492.32,824157988,47250542,False
2022-09-22,165.51,88.369613,23.343928,136406388593.88,7820437206.42,824157988,47250542,False
2022-09-23,158.88,84.829703,22.408817,130942221133.44,7507166112.96,824157988,47250542,False
2022-09-26,160.03,85.443715,22.571016,131890002819.64,7561504236.26,824157988,47250542,False
2022-09-27,180.0,96.106159,25.387633,148348437840.0,8505097560.0,824157988,47250542,False
2022-09-28,175.0,93.436544,24.682421,144227647900.0,8268844850.0,824157988,47250542,False
2022-09-29,184.33,98.418046,25.998346,151917041928.04,8709692406.86,824157988,47250542,False
2022-09-30,181.6,96.960436,25.613301,149667090620.8,8580698427.2,824157988,47250542,False
2022-10-10,187.2,99.950406,26.403138,154282375353.6,8845301462.4,824157988,47250542,False
2022-10-11,183.97,98.225834,25.947571,151620345052.36,8692682211.74,824157988,47250542,False
2022-10-12,181.7,97.013829,25.627405,149749506419.6,8585423481.4,824157988,47250542,False
2022-10-13,192.5,102.780198,27.150663,158650412690.0,9095729335.0,824157988,47250542,False
2022-10-14,214.88,114.729397,30.307192,177095068461.44,10153196464.96,824157988,47250542,False
2022-10-17,204.95,109.427541,28.906641,168911179640.6,9683998582.9,824157988,47250542,False
2022-10-18,200.49,107.046244,28.277592,165235435014.12,9473261165.58,824157988,47250542,False
2022-10-19,200.99,107.313205,28.348113,165647514008.12,9496886436.58,824157988,47250542,False
2022-10-20,198.68,106.079843,28.022305,163743709055.84,9387737684.56,824157988,47250542,False
2022-10-21,198.35,105.903648,27.975761,163471736919.8,9372145005.7,824157988,47250542,False
2022-10-24,202.15,107.932556,28.511722,166603537274.2,9551697065.3,824157988,47250542,False
2022-10-25,195.7,104.488752,27.601998,161287718251.6,9246931069.4,824157988,47250542,False
2022-10-26,200.05,106.811318,28.215533,164872805499.4,9452470927.1,824157988,47250542,False
2022-10-27,196.08,104.691643,27.655595,161600898287.04,9264886275.36,824157988,47250542,False
2022-10-28,191.0,101.979313,26.939099,157414175708.0,9024853522.0,824157988,47250542,False
2022-10-31,210.5,112.270102,10.386241,173485256474.0,9946239091.0,824157988,47250542,False
2022-11-01,209.0,111.470078,10.31223,172249019492.0,9875363278.0,824157988,47250542,False
2022-11-02,209.55,111.76342,10.339367,172702306385.4,9901351076.1,824157988,47250542,False
2022-11-03,210.39,112.211434,10.380813,173394599095.32,9941041531.38,824157988,47250542,False
2022-11-04,207.71,110.782057,10.24858,171185855687.48,9814410078.82,824157988,47250542,False
2022-11-07,202.17,107.8273,9.975232,166620020433.96,9552642076.14,824157988,47250542,False
2022-11-08,200.0,106.669931,9.868162,164831597600.0,9450108400.0,824157988,47250542,False
2022-11-09,199.05,106.163249,9.821288,164048647511.4,9405220385.1,824157988,47250542,False
2022-11-10,194.8,103.896513,9.61159,160545976062.4,9204405581.6,824157988,47250542,False
2022-11-11,199.0,106.136581,9.818821,164007439612.0,9402857858.0,824157988,47250542,False
2022-11-14,200.0,106.669931,9.868162,164831597600.0,9450108400.0,824157988,47250542,False
2022-11-15,195.36,104.195189,9.639221,161007504535.68,9230865885.12,824157988,47250542,False
2022-11-16,188.61,100.595078,9.30617,155444438116.68,8911924726.62,824157988,47250542,False
2022-11-17,193.9,103.416498,9.567183,159804233873.2,9161880093.8,824157988,47250542,False
2022-11-18,191.88,102.339132,9.467515,158139434737.44,9066433998.96,824157988,47250542,False
2022-11-21,190.0,101.336434,9.374754,156590017720.0,8977602980.0,824157988,47250542,False
2022-11-22,185.39,98.877693,9.147293,152790649395.32,8759777981.38,824157988,47250542,False
2022-11-23,190.3,101.496439,9.389556,156837265116.4,8991778142.6,824157988,47250542,False
2022-11-24,192.99,102.93115,9.522283,159054250104.12,9118882100.58,824157988,47250542,False
2022-11-25,192.92,102.893815,9.518829,158996559044.96,9115574562.64,824157988,47250542,False
2022-11-28,193.66,103.288494,9.555341,159606435956.08,9150539963.72,824157988,47250542,False
2022-11-29,187.2,99.843055,9.2366,154282375353.6,8845301462.4,824157988,47250542,False
2022-11-30,185.5,98.936361,9.15272,152881306774.0,8764975541.0,824157988,47250542,False
2022-12-01,186.58,99.512379,9.206009,153771397401.04,8816006126.36,824157988,47250542,False
2022-12-02,186.13,99.272371,9.183805,153400526306.44,8794743382.46,824157988,47250542,False
2022-12-05,188.8,100.696415,9.315545,155601028134.4,8920902329.6,824157988,47250542,False
2022-12-06,194.1,103.523168,9.577051,159969065470.8,9171330202.2,824157988,47250542,False
2022-12-07,190.0,101.336434,9.374754,156590017720.0,8977602980.0,824157988,47250542,False
2022-12-08,182.58,97.37898,9.008645,150474765449.04,8627003958.36,824157988,47250542,False
2022-12-09,168.97,90.120091,8.337117,139257975232.36,7983924081.74,824157988,47250542,False
2022-12-12,169.48,90.3921,8.362281,139678295806.24,8008021858.16,824157988,47250542,False
2022-12-13,165.3,88.162698,8.156036,136233315416.4,7810514592.6,824157988,47250542,False
2022-12-14,167.85,89.52274,8.281855,138334918285.8,7931003474.7,824157988,47250542,False
2022-12-15,166.39,88.744049,8.209818,137131647623.32,7862017683.38,824157988,47250542,False
2022-12-16,167.17,89.160062,8.248303,137774490853.96,7898873106.14,824157988,47250542,False
2022-12-19,167.99,89.597409,8.288763,138450300404.12,7937618550.58,824157988,47250542,False
2022-12-20,166.66,88.888053,8.22314,137354170280.08,7874775329.72,824157988,47250542,False
2022-12-21,172.2,91.842811,8.496488,141920005533.6,8136543332.4,824157988,47250542,False
2022-12-22,172.31,91.901479,8.501915,142010662912.28,8141740892.02,824157988,47250542,False
2022-12-23,175.1,93.389525,8.639576,144310063698.8,8273569904.2,824157988,47250542,False
2022-12-26,175.94,93.837538,8.681022,145002356408.72,8313260359.48,824157988,47250542,False
2022-12-27,174.9,93.282855,8.629708,144145232101.2,8264119795.8,824157988,47250542,False
2022-12-28,175.55,93.629532,8.661779,144680934793.4,8294832648.1,824157988,47250542,False
2022-12-29,179.18,95.565591,8.840887,147672628289.84,8466352115.56,824157988,47250542,False
2022-12-30,176.98,94.392222,8.732337,145859480716.24,8362400923.16,824157988,47250542,False
2023-01-03,180.72,96.38695,8.916871,148941831591.36,9298358814.24,824157988,51451742,False
2023-01-04,183.96,98.115003,9.076736,151612103472.48,9465062458.32,824157988,51451742,False
2023-01-05,181.66,96.888298,8.963252,149716540100.08,9346723451.72,824157988,51451742,False
2023-01-06,176.39,94.077546,8.703226,145373227503.32,9075572771.38,824157988,51451742,False
2023-01-09,175.55,93.629532,8.661779,144680934793.4,9032353308.1,824157988,51451742,False
2023-01-10,180.7,96.376283,8.915885,148925348431.6,9297329779.4,824157988,51451742,False
2023-01-11,175.94,93.837538,8.681022,145002356408.72,9052419487.48,824157988,51451742,False
2023-01-12,171.98,91.725474,8.485633,141738690776.24,8848670589.16,824157988,51451742,False
2023-01-13,174.0,92.80284,8.585301,143403489912.0,8952603108.0,824157988,51451742,False
2023-01-16,185.9,99.149701,9.172457,153210969969.2,9564878837.8,824157988,51451742,False
2023-01-17,183.18,97.69899,9.03825,150969260241.84,9424930099.56,824157988,51451742,False
2023-01-18,180.12,96.06694,8.887267,148447336798.56,9267487769.04,824157988,51451742,False
2023-01-19,186.3,99.363041,9.192193,153540633164.4,9585459534.6,824157988,51451742,False
2023-01-20,186.48,99.459044,9.201074,153688981602.24,9594720848.16,824157988,51451742,False
2023-01-30,183.89,98.077668,9.073282,151554412413.32,9461460836.38,824157988,51451742,False
2023-01-31,181.9,97.016302,8.975094,149914338017.2,9359071869.8,824157988,51451742,False
2023-02-01,185.22,98.787023,9.138905,152650542537.36,9529891653.24,824157988,51451742,False
2023-02-02,184.38,98.339009,9.097459,151958249827.44,9486672189.96,824157988,51451742,False
2023-02-03,190.0,101.336434,9.374754,156590017720.0,9775830980.0,824157988,51451742,False
2023-02-06,190.21,101.448438,9.385116,156763090897.48,9786635845.82,824157988,51451742,False
2023-02-07,181.55,96.82963,8.957824,149625882721.4,9341063760.1,824157988,51451742,False
2023-02-08,180.88,96.472286,8.924766,149073696869.44,9306591092.96,824157988,51451742,False
2023-02-09,182.78,97.48565,9.018513,150639597046.64,9404349402.76,824157988,51451742,False
2023-02-10,189.8,101.229765,9.364886,156425186122.4,9765540631.6,824157988,51451742,False
2023-02-13,186.31,99.368374,9.192687,153548874744.28,9585974052.02,824157988,51451742,False
2023-02-14,186.3,99.363041,9.192193,153540633164.4,9585459534.6,824157988,51451742,False
2023-02-15,183.71,97.981665,9.0644,151406063975.48,9452199522.82,824157988,51451742,False
2023-02-16,182.89,97.544318,9.023941,150730254425.32,9410009094.38,824157988,51451742,False
2023-02-17,178.88,95.405586,8.826084,147425380893.44,9203687608.96,824157988,51451742,False
2023-02-20,172.71,92.114819,8.521651,142340326107.48,8886230360.82,824157988,51451742,False
2023-02-21,171.0,91.202791,8.437279,140931015948.0,8798247882.0,824157988,51451742,False
2023-02-22,170.66,91.021452,8.420503,140650802232.08,8533000000.0,824157988,50000000,False
2023-02-23,169.82,90.573438,8.379057,139958509522.16,8491000000.0,824157988,50000000,False
2023-02-24,168.92,90.093424,8.33465,139216767332.96,8446000000.0,824157988,50000000,False
2023-02-27,171.1,91.256126,8.442213,141013431746.8,8555000000.0,824157988,50000000,False
2023-02-28,168.01,84.730161,8.28975,138466783563.88,8400500000.0,824157988,50000000,False
2023-03-01,165.6,83.514759,8.170838,136480562812.8,8280000000.0,824157988,50000000,False
2023-03-02,160.97,81.179775,7.94239,132664711328.36,8048500000.0,824157988,50000000,False
2023-03-03,160.2,80.791452,7.904398,132030109677.6,8010000000.0,824157988,50000000,False
2023-03-06,167.15,84.296449,8.247317,137758007694.2,8357500000.0,824157988,50000000,False
2023-03-07,160.51,80.94779,7.919694,132285598653.88,8025500000.0,824157988,50000000,False
2023-03-08,161.98,81.689135,7.992225,133497110896.24,8099000000.0,824157988,50000000,False
2023-03-09,161.38,81.386545,7.96262,133002616103.44,8069000000.0,824157988,50000000,False
2023-03-10,161.5,81.447063,7.968541,133101515062.0,8075000000.0,824157988,50000000,False
2023-03-13,162.96,82.183365,8.040579,134304785724.48,8148000000.0,824157988,50000000,False
2023-03-14,166.0,83.716486,8.190575,136810226008.0,8300000000.0,824157988,50000000,False
2023-03-15,164.25,82.833932,8.104228,135367949529.0,8212500000.0,824157988,50000000,False
2023-03-16,160.12,80.751107,7.900451,131964177038.56,8006000000.0,824157988,50000000,False
2023-03-17,156.77,79.061647,7.735159,129203247778.76,7838500000.0,824157988,50000000,False
2023-03-20,151.55,76.429117,7.4776,124901143081.4,7577500000.0,824157988,50000000,False
2023-03-21,165.68,83.555105,8.174786,136546495451.84,8284000000.0,824157988,50000000,False
2023-03-22,162.2,81.800084,8.00308,133678425653.6,8110000000.0,824157988,50000000,False
2023-03-23,158.15,79.757604,7.803249,130340585802.2,7907500000.0,824157988,50000000,False
2023-03-24,155.85,78.597676,7.689765,128445022429.8,7792500000.0,824157988,50000000,False
2023-03-27,161.97,81.684091,7.991731,133488869316.36,8098500000.0,824157988,50000000,False
2023-03-28,159.95,80.665373,7.892063,131824070180.6,7997500000.0,824157988,50000000,False
2023-03-29,157.63,79.495359,7.777592,129912023648.44,7881500000.0,824157988,50000000,False
2023-03-30,155.37,78.355605,7.666082,128049426595.56,7768500000.0,824157988,50000000,False
2023-03-31,154.24,77.785727,7.610327,127118128069.12,7712000000.0,824157988,50000000,False
2023-04-03,151.94,76.6258,7.496843,125222564696.72,7597000000.0,824157988,50000000,False
2023-04-04,157.0,79.17764,7.746507,129392804116.0,7850000000.0,824157988,50000000,False
2023-04-06,161.7,81.547926,7.978409,133266346659.6,8085000000.0,824157988,50000000,False
2023-04-07,163.7,82.556558,8.077091,134914662635.6,8185000000.0,824157988,50000000,False
2023-04-10,159.84,80.609898,7.886635,131733412801.92,7992000000.0,824157988,50000000,False
2023-04-11,156.54,78.945655,7.723811,129013691441.52,7827000000.0,824157988,50000000,False
2023-04-12,155.9,78.622892,7.692232,128486230329.2,7795000000.0,824157988,50000000,False
2023-04-13,158.89,80.130798,7.839761,130950462713.32,7944500000.0,824157988,50000000,False
2023-04-14,158.45,79.908899,7.818052,130587833198.6,7922500000.0,824157988,50000000,False
2023-04-17,161.2,81.295768,7.953739,132854267665.6,8060000000.0,824157988,50000000,False
2023-04-18,157.44,79.399539,7.768217,129755433630.72,7872000000.0,824157988,50000000,False
2023-04-19,156.01,78.678367,7.69766,128576887707.88,7800500000.0,824157988,50000000,False
2023-04-20,151.5,76.403901,7.475133,124859935182.0,7575000000.0,824157988,50000000,False
2023-04-21,150.8,76.05088,7.440594,124283024590.4,7540000000.0,824157988,50000000,False
2023-04-24,145.5,73.378004,7.179088,119914987254.0,7275000000.0,824157988,50000000,False
2023-04-25,143.2,72.218077,7.065604,118019423881.6,7160000000.0,824157988,50000000,False
2023-04-26,144.8,73.024983,7.144549,119338076662.4,7240000000.0,824157988,50000000,False
2023-04-27,151.15,76.22739,7.457864,124571479886.2,7557500000.0,824157988,50000000,False
2023-04-28,145.72,71.502953,6.740316,120096302011.36,7286000000.0,824157988,50000000,False
2023-05-04,146.3,71.787552,6.767144,120574313644.4,7315000000.0,824157988,50000000,False
2023-05-05,148.4,72.817995,6.86428,122305045419.2,7420000000.0,824157988,50000000,False
2023-05-08,145.86,71.57165,6.746792,120211684129.68,7293000000.0,824157988,50000000,False
2023-05-09,144.35,70.830712,6.676946,118967205567.8,7217500000.0,824157988,50000000,False
2023-05-10,146.11,71.694321,6.758355,120417723626.68,7305500000.0,824157988,50000000,False
2023-05-11,145.65,71.468605,6.737078,120038610952.2,7282500000.0,824157988,50000000,False
2023-05-12,144.61,70.95829,6.688973,119181486644.68,7230500000.0,824157988,50000000,False
2023-05-15,145.55,71.419537,6.732453,119956195153.4,7277500000.0,824157988,50000000,False
2023-05-16,143.03,70.183005,6.615889,117879317023.64,7151500000.0,824157988,50000000,False
2023-05-17,143.35,70.340024,6.630691,118143047579.8,7167500000.0,824157988,50000000,False
2023-05-18,140.4,68.892497,6.494238,115711781515.2,7020000000.0,824157988,50000000,False
2023-05-19,140.45,68.917031,6.496551,115752989414.6,7022500000.0,824157988,50000000,False
2023-05-22,140.88,69.128027,6.51644,116107377349.44,7044000000.0,824157988,50000000,False
2023-05-23,140.65,69.015169,6.505802,115917821012.2,7032500000.0,824157988,50000000,False
2023-05-24,137.6,67.518572,6.364723,113404139148.8,6880000000.0,824157988,50000000,False
2023-05-25,136.71,67.081861,6.323556,112670638539.48,6835500000.0,824157988,50000000,False
2023-05-26,137.7,67.567641,6.369349,113486554947.6,6885000000.0,824157988,50000000,False
2023-05-29,135.5,66.488129,6.267587,111673407374.0,6775000000.0,824157988,50000000,False
2023-05-30,135.55,66.512664,6.2699,111714615273.4,6777500000.0,824157988,50000000,False
2023-05-31,135.63,66.551919,6.2736,111780547912.44,6781500000.0,824157988,50000000,False
2023-06-01,138.05,67.739382,6.385538,113775010243.4,6902500000.0,824157988,50000000,False
2023-06-02,138.51,67.965098,6.406816,114154122917.88,6925500000.0,824157988,50000000,False
2023-06-05,140.27,68.828708,6.488225,115604640976.76,7013500000.0,824157988,50000000,False
2023-06-06,135.16,66.321295,6.25186,111393193658.08,6758000000.0,824157988,50000000,False
2023-06-07,133.0,65.261411,6.151949,109613012404.0,6650000000.0,824157988,50000000,False
2023-06-08,130.95,64.255502,6.057126,107923488528.6,6547500000.0,824157988,50000000,False
2023-06-09,136.8,67.126023,6.327719,112744812758.4,6840000000.0,824157988,50000000,False
2023-06-12,137.47,67.454783,6.35871,113296998610.36,6873500000.0,824157988,50000000,False
2023-06-13,135.78,66.625522,6.280539,111904171610.64,6789000000.0,824157988,50000000,False
2023-06-14,137.12,67.283043,6.342521,113008543314.56,6856000000.0,824157988,50000000,False
2023-06-15,138.4,67.911122,6.401727,114063465539.2,6920000000.0,824157988,50000000,False
2023-06-16,140.28,68.833614,6.488687,115612882556.64,7014000000.0,824157988,50000000,False
2023-06-19,138.75,68.082863,6.417917,114351920835.0,6937500000.0,824157988,50000000,False
2023-06-20,137.0,67.22416,6.33697,112909644356.0,6850000000.0,824157988,50000000,False
2023-06-21,133.77,65.63924,6.187566,110247614054.76,6688500000.0,824157988,50000000,False
2023-06-26,135.95,66.708938,6.288402,112044278468.6,6797500000.0,824157988,50000000,False
2023-06-27,139.7,68.549016,6.461859,115134870923.6,6985000000.0,824157988,50000000,False
2023-06-28,135.68,66.576453,6.275913,111821755811.84,6784000000.0,824157988,50000000,False
2023-06-29,139.41,68.406717,6.448445,114895865107.08,6970500000.0,824157988,50000000,False
2023-06-30,138.01,67.719754,6.383688,113742043923.88,7138498245.0,824157988,51724500,False
2023-07-03,138.4,67.911122,6.401727,114063465539.2,7158670800.0,824157988,51724500,False
2023-07-04,139.99,68.691315,6.475273,115373876740.12,7240912755.0,824157988,51724500,False
2023-07-05,143.8,70.560834,6.651506,118513918674.4,7437983100.0,824157988,51724500,False
2023-07-06,142.57,69.957288,6.594612,117500204349.16,7374361965.0,824157988,51724500,False
2023-07-07,144.09,70.703133,6.66492,118752924490.92,7452983205.0,824157988,51724500,False
2023-07-10,144.22,70.766922,6.670933,118860065029.36,7459707390.0,824157988,51724500,False
2023-07-11,141.65,69.505856,6.552057,116741979000.2,7326775425.0,824157988,51724500,False
2023-07-12,141.7,69.53039,6.55437,116783186899.6,7329361650.0,824157988,51724500,False
2023-07-13,140.1,68.745291,6.480361,115464534118.8,7246602450.0,824157988,51724500,False
2023-07-14,138.14,67.783544,6.389701,113849184462.32,7145222430.0,824157988,51724500,False
2023-07-17,136.1,66.782542,6.29534,112167902166.8,7039704450.0,824157988,51724500,False
2023-07-18,136.3,66.880679,6.304591,112332733764.4,7050049350.0,824157988,51724500,False
2023-07-19,135.1,66.291854,6.249085,111343744178.8,6987979950.0,824157988,51724500,False
2023-07-20,135.01,66.247692,6.244922,111269569959.88,6983324745.0,824157988,51724500,False
2023-07-21,136.5,66.978816,6.313842,112497565362.0,7060394250.0,824157988,51724500,False
2023-07-24,140.0,68.696222,6.475736,115382118320.0,7241430000.0,824157988,51724500,False
2023-07-25,141.01,69.191816,6.522454,116214517887.88,7293671745.0,824157988,51724500,False
2023-07-26,147.07,72.165381,6.802761,121208915295.16,7607122215.0,824157988,51724500,False
2023-07-27,145.05,71.174193,6.709325,119544116159.4,7502638725.0,824157988,51724500,False
2023-07-28,145.54,71.41463,6.73199,119947953573.52,7527983730.0,824157988,51724500,False
2023-07-31,141.99,69.67269,6.567784,117022192716.12,7344361755.0,824157988,51724500,False
2023-08-01,138.7,68.058329,6.415604,114310712935.6,7174188150.0,824157988,51724500,False
2023-08-02,137.03,67.238881,6.338358,112934369095.64,7087808235.0,824157988,51724500,False
2023-08-03,136.6,67.027885,6.318468,112579981160.8,7065566700.0,824157988,51724500,False
2023-08-04,135.36,66.419433,6.261111,111558025255.68,7001428320.0,824157988,51724500,False
2023-08-07,134.0,65.752098,6.198204,110437170392.0,6931083000.0,824157988,51724500,False
2023-08-08,135.09,66.286947,6.248623,111335502598.92,6987462705.0,824157988,51724500,False
2023-08-09,135.94,66.704032,6.28794,112036036888.72,7031428530.0,824157988,51724500,False
2023-08-10,135.02,66.252599,6.245385,111277811539.76,6983841990.0,824157988,51724500,False
2023-08-11,133.33,65.423338,6.167213,109884984540.04,6896427585.0,824157988,51724500,False
2023-08-14,131.44,64.495939,6.079791,108327325942.72,6798668280.0,824157988,51724500,False
2023-08-15,134.21,65.855143,6.207918,110610243569.48,6941945145.0,824157988,51724500,False
2023-08-16,134.5,65.997442,6.221332,110849249386.0,6956945250.0,824157988,51724500,False
2023-08-17,132.68,65.104391,6.137147,109349281847.84,6862806660.0,824157988,51724500,False
2023-08-18,131.22,64.387988,6.069615,108146011185.36,6787288890.0,824157988,51724500,False
2023-08-21,125.0,56.603364,5.633467,103019748500.0,6465562500.0,824157988,51724500,False
2023-08-22,109.0,49.358133,4.912383,89833220692.0,64233588384.0,824157988,589298976,False
2023-08-23,105.0,47.546826,4.732112,86536588740.0,61876392480.0,824157988,589298976,False
2023-08-24,104.02,47.103055,4.687946,85728913911.76,61298879483.52,824157988,589298976,False
2023-08-25,104.4,47.275129,4.705071,86042093947.2,61522813094.4,824157988,589298976,False
2023-08-28,102.99,46.636644,4.641526,84880031184.12,60691901538.24,824157988,589298976,False
2023-08-29,108.1,48.950589,4.871822,89091478502.8,63703219305.6,824157988,589298976,False
2023-08-30,109.79,49.715867,4.947986,90484305502.52,64699134575.04,824157988,589298976,False
2023-08-31,110.27,49.933223,4.969619,90879901336.76,64981998083.52,824157988,589298976,False
2023-09-01,108.43,49.100022,4.886694,89363450638.84,63897687967.68,824157988,589298976,False
2023-09-04,108.05,48.927948,4.869569,89050270603.4,63673754356.8,824157988,589298976,False
2023-09-05,106.91,48.411725,4.818191,88110730497.08,63001953524.16,824157988,589298976,False
2023-09-06,108.0,48.905306,4.867315,89009062704.0,63644289408.0,824157988,589298976,False
2023-09-07,106.8,48.361914,4.813234,88020073118.4,62937130636.8,824157988,589298976,False
2023-09-08,106.11,48.049464,4.782137,87451404106.68,62530514343.36,824157988,589298976,False
2023-09-11,108.37,49.072852,4.88399,89314001159.56,63862330029.12,824157988,589298976,False
2023-09-12,105.59,47.813994,4.758702,87022841952.92,62224078875.84,824157988,589298976,False
2023-09-13,105.6,47.818522,4.759153,87031083532.8,62229971865.6,824157988,589298976,False
2023-09-14,104.1,47.139281,4.691551,85794846550.8,61346023401.6,824157988,589298976,False
2023-09-15,106.3,48.135501,4.7907,87607994124.4,62642481148.8,824157988,589298976,False
2023-09-18,107.12,48.506819,4.827656,88283803674.56,63125706309.12,824157988,589298976,False
2023-09-19,106.0,47.999653,4.77718,87360746728.0,62465691456.0,824157988,589298976,False
2023-09-20,104.38,47.266073,4.70417,86025610787.44,61511027114.88,824157988,589298976,False
2023-09-21,103.4,46.822303,4.660004,85217935959.2,60933514118.4,824157988,589298976,False
2023-09-22,105.71,47.868333,4.76411,87121740911.48,62294794752.96,824157988,589298976,False
2023-09-25,105.0,47.546826,4.732112,86536588740.0,61876392480.0,824157988,589298976,False
2023-09-26,103.65,46.935509,4.671271,85423975456.2,61080838862.4,824157988,589298976,False
2023-09-27,106.98,48.443423,4.821346,88168421556.24,63043204452.48,824157988,589298976,False
2023-09-28,104.09,47.134753,4.6911,85786604970.92,61340130411.84,824157988,589298976,False
2023-10-09,103.2,46.731737,4.65099,85053104361.6,60815654323.2,824157988,589298976,False
2023-10-10,101.9,46.143062,4.592402,83981698977.2,60049565654.4,824157988,589298976,False
2023-10-11,105.06,47.573995,4.734816,86586038219.28,61911750418.56,824157988,589298976,False
2023-10-12,109.6,49.629829,4.939424,90327715484.8,64587167769.6,824157988,589298976,False
2023-10-13,106.98,48.443423,4.821346,88168421556.24,63043204452.48,824157988,589298976,False
2023-10-16,104.19,47.180036,4.695607,85869020769.72,61399060309.44,824157988,589298976,False
2023-10-17,107.8,48.814741,4.858302,88844231106.4,63526429612.8,824157988,589298976,False
2023-10-18,106.0,47.999653,4.77718,87360746728.0,62465691456.0,824157988,589298976,False
2023-10-19,106.15,48.067577,4.78394,87484370426.2,62554086302.4,824157988,589298976,False
2023-10-20,108.99,49.353605,4.911932,89824979112.12,64227695394.24,824157988,589298976,False
2023-10-23,110.17,49.887941,4.965112,90797485537.96,64923068185.92,824157988,589298976,False
2023-10-24,114.91,52.03434,5.178733,94703994401.08,67716345332.16,824157988,589298976,False
2023-10-25,115.02,52.084151,5.183691,94794651779.76,67781168219.52,824157988,589298976,False
2023-10-26,116.48,52.745279,5.24949,95997922442.24,68641544724.48,824157988,589298976,False
2023-10-27,116.7,52.844901,5.259405,96179237199.6,68771190499.2,824157988,589298976,False
2023-10-30,119.99,54.288833,5.495986,98890716980.12,70709984130.24,824157988,589298976,False
2023-10-31,119.36,54.003793,5.46713,98371497447.68,70338725775.36,824157988,589298976,False
2023-11-01,116.0,52.483579,5.313229,95602326608.0,68358681216.0,824157988,589298976,False
2023-11-02,115.29,52.162343,5.280709,95017174436.52,67940278943.04,824157988,589298976,False
2023-11-03,116.76,52.827437,5.34804,96228686678.88,68806548437.76,824157988,589298976,False
2023-11-06,120.94,54.718656,5.5395,99673667068.72,71269818157.44,824157988,589298976,False
2023-11-07,121.45,54.949402,5.56286,100093987642.6,71570360635.2,824157988,589298976,False
2023-11-08,123.0,55.650692,5.633855,101371432524.0,72483774048.0,824157988,589298976,False
2023-11-09,121.8,55.107758,5.578891,100382442938.4,71776615276.8,824157988,589298976,False
2023-11-10,121.8,55.107758,5.578891,100382442938.4,71776615276.8,824157988,589298976,False
2023-11-13,120.57,54.551251,5.522552,99368728613.16,71051777536.32,824157988,589298976,False
2023-11-14,122.78,55.551154,5.623779,101190117766.64,72354128273.28,824157988,589298976,False
2023-11-15,122.6,55.469714,5.615534,101041769328.8,72248054457.6,824157988,589298976,False
2023-11-16,122.65,55.492336,5.617824,101082977228.2,72277519406.4,824157988,589298976,False
2023-11-17,124.81,56.469616,5.71676,102863158482.28,73550405194.56,824157988,589298976,False
2023-11-20,127.47,57.673119,5.838598,105055418730.36,75117940470.72,824157988,589298976,False
2023-11-21,127.3,57.596204,5.830811,104915311872.4,75017759644.8,824157988,589298976,False
2023-11-22,129.21,58.460373,5.918296,106489453629.48,76143320688.96,824157988,589298976,False
2023-11-23,129.0,58.365359,5.908678,106316380452.0,76019567904.0,824157988,589298976,False
2023-11-24,129.81,58.73184,5.945779,106983948422.28,76496900074.56,824157988,589298976,False
2023-11-27,129.0,58.365359,5.908678,106316380452.0,76019567904.0,824157988,589298976,False
2023-11-28,133.92,60.591387,6.134032,110371237752.96,78918918865.92,824157988,589298976,False
2023-11-29,137.63,62.269957,6.303964,113428863888.44,81105218066.88,824157988,589298976,False
2023-11-30,143.0,64.699584,6.549929,117854592284.0,84269753568.0,824157988,589298976,False
2023-12-01,143.59,64.966527,6.576954,118340845496.92,84617439963.84,824157988,589298976,False
2023-12-04,145.74,65.939283,6.675432,120112785171.12,85884432762.24,824157988,589298976,False
2023-12-05,144.22,65.251567,6.60581,118860065029.36,84988698318.72,824157988,589298976,False
2023-12-06,150.0,67.866697,6.870555,123623698200.0,88394846400.0,824157988,589298976,False
2023-12-07,146.39,66.233372,6.705204,120648487863.32,86267477096.64,824157988,589298976,False
2023-12-08,150.08,67.902893,6.87422,123689630839.04,88441990318.08,824157988,589298976,False
2023-12-11,147.31,66.649621,6.747343,121406713212.28,86809632154.56,824157988,589298976,False
2023-12-12,141.48,64.011869,6.480308,116601872142.24,83374019124.48,824157988,589298976,False
2023-12-13,140.49,63.563948,6.434962,115785955734.12,82790613138.24,824157988,589298976,False
2023-12-14,136.24,61.641059,6.240296,112283284285.12,80286092490.24,824157988,589298976,False
2023-12-15,134.1,60.672827,6.142276,110519586190.8,79024992681.6,824157988,589298976,False
2023-12-18,134.9,61.034783,6.178919,111178912581.2,79496431862.4,824157988,589298976,False
2023-12-19,134.46,60.835707,6.158766,110816283066.48,79237140312.96,824157988,589298976,False
2023-12-20,134.38,60.799512,6.155102,110750350427.44,79189996394.88,824157988,589298976,False
2023-12-21,135.37,61.247432,6.200447,111566266835.56,79773402381.12,824157988,589298976,False
2023-12-22,134.94,61.052881,6.180752,111211878900.72,79520003821.44,824157988,589298976,False
2023-12-25,136.95,61.962294,6.272817,112868436456.6,80704494763.2,824157988,589298976,False
2023-12-26,136.86,61.921574,6.268695,112794262237.68,80651457855.36,824157988,589298976,False
2023-12-27,136.0,61.532472,6.229304,112085486368.0,80144660736.0,824157988,589298976,False
2023-12-28,135.9,61.487227,6.224723,112003070569.2,80085730838.4,824157988,589298976,False
2023-12-29,137.01,61.989441,6.275565,112917885935.88,80739852701.76,824157988,589298976,False
2024-01-02,139.65,63.183895,6.396487,115093663024.2,82704944078.4,824157988,592230176,False
2024-01-03,142.93,64.667913,6.546723,117796901224.84,84647459055.68,824157988,592230176,False
2024-01-04,145.81,65.970954,6.678638,120170476230.28,86353081962.56,824157988,592230176,False
2024-01-05,139.73,63.22009,6.400151,115159595663.24,82752322492.48,824157988,592230176,False
2024-01-08,138.1,62.482606,6.325491,113816218142.8,81786987305.6,824157988,592230176,False
2024-01-09,140.79,63.699682,6.448703,116033203130.52,83380086479.04,824157988,592230176,False
2024-01-10,136.85,61.91705,6.268237,112786020657.8,81046699585.6,824157988,592230176,False
2024-01-11,136.5,61.758694,6.252205,112497565362.0,80839419024.0,824157988,592230176,False
2024-01-12,131.8,59.632204,6.036928,108624022818.4,78055937196.8,824157988,592230176,False
2024-01-15,131.77,59.618631,6.035554,108599298078.76,78038170291.52,824157988,592230176,False
2024-01-16,132.73,60.052978,6.079525,109390489747.24,78606711260.48,824157988,592230176,False
2024-01-17,131.42,59.460275,6.019523,108310842782.96,77830889729.92,824157988,592230176,False
2024-01-18,131.39,59.446702,6.018148,108286118043.32,77813122824.64,824157988,592230176,False
2024-01-19,134.28,60.754267,6.150521,110667934628.64,79524668033.28,824157988,592230176,False
2024-01-22,134.93,61.048356,6.180294,111203637320.84,79909617647.68,824157988,592230176,False
2024-01-23,133.06,60.202285,6.094641,109662461883.28,78802147218.56,824157988,592230176,False
2024-01-24,136.95,61.962294,6.272817,112868436456.6,81105922603.2,824157988,592230176,False
2024-01-25,138.59,62.704304,6.347935,114220055556.92,82077180091.84,824157988,592230176,False
2024-01-26,137.1,62.030161,6.279688,112992060154.8,81194757129.6,824157988,592230176,False
2024-01-29,137.18,62.066357,6.283352,113057992793.84,81242135543.68,824157988,592230176,False
2024-01-30,135.76,61.423885,6.218311,111887688450.88,80401168693.76,824157988,592230176,False
2024-01-31,134.88,61.025734,6.178003,111162429421.44,79880006138.88,824157988,592230176,False
2024-02-01,134.73,60.957867,6.171133,111038805723.24,79791171612.48,824157988,592230176,False
2024-02-02,137.43,62.179468,6.294803,113264032290.84,81390193087.68,824157988,592230176,False
2024-02-05,143.55,64.948429,6.575121,118307879177.4,85014641764.8,824157988,592230176,False
2024-02-06,143.05,64.722207,6.55222,117895800183.4,84718526676.8,824157988,592230176,False
2024-02-07,146.86,66.446021,6.726732,121035842117.68,86974923647.36,824157988,592230176,False
2024-02-08,144.78,65.504936,6.63146,119321593502.64,85743084881.28,824157988,592230176,False
2024-02-19,144.0,65.152029,6.595733,118678750272.0,85281145344.0,824157988,592230176,False
2024-02-20,142.6,64.518607,6.531608,117524929088.8,84452023097.6,824157988,592230176,False
2024-02-21,142.55,64.495984,6.529318,117483721189.4,84422411588.8,824157988,592230176,False
2024-02-22,140.3,63.477984,6.426259,115629365716.4,83089893692.8,824157988,592230176,False
2024-02-23,140.0,63.342251,6.412518,115382118320.0,82912224640.0,824157988,592230176,False
2024-02-26,139.27,63.011966,6.379082,114780482988.76,82479896611.52,824157988,592230176,False
2024-02-27,140.0,63.342251,6.412518,115382118320.0,82912224640.0,824157988,592230176,False
2024-02-28,141.64,59.126877,6.487636,116733737420.32,83883482128.64,824157988,592230176,False
2024-02-29,142.3,59.40239,6.517867,117277681692.4,84274354044.8,824157988,592230176,False
2024-03-01,138.5,57.8161,6.343813,114145881338.0,82023879376.0,824157988,592230176,False
2024-03-04,139.16,58.091614,6.374043,114689825610.08,82414751292.16,824157988,592230176,False
2024-03-05,142.5,59.485879,6.527028,117442513290.0,84392800080.0,824157988,592230176,False
2024-03-06,141.1,58.901457,6.462902,116288692106.8,83563677833.6,824157988,592230176,False
2024-03-07,139.65,58.296162,6.396487,115093663024.2,82704944078.4,824157988,592230176,False
2024-03-08,137.75,57.503017,6.30946,113527762847.0,81579706744.0,824157988,592230176,False
2024-03-11,138.0,57.607378,6.320911,113733802344.0,81727764288.0,824157988,592230176,False
2024-03-12,139.42,58.200149,6.385952,114904106686.96,82568731137.92,824157988,592230176,False
2024-03-13,138.51,57.820275,6.344271,114154122917.88,82029801677.76,824157988,592230176,False
2024-03-14,140.85,58.797095,6.451451,116082652609.8,83415620289.6,824157988,592230176,False
2024-03-15,140.0,58.442267,6.412518,115382118320.0,82912224640.0,824157988,592230176,False
2024-03-18,139.36,58.175103,6.383204,114854657207.68,82533197327.36,824157988,592230176,False
2024-03-19,136.72,57.073048,6.262282,112678880119.36,80969709662.72,824157988,592230176,False
2024-03-20,136.28,56.889373,6.242129,112316250604.64,80709128385.28,824157988,592230176,False
2024-03-21,134.57,56.175542,6.163804,110906940445.16,79696414784.32,824157988,592230176,False
2024-03-22,132.5,55.311432,6.068991,109200933410.0,78470498320.0,824157988,592230176,False
2024-03-25,132.62,55.361525,6.074487,109299832368.56,78541565941.12,824157988,592230176,False
2024-03-26,134.18,56.012739,6.145941,110585518829.84,79465445015.68,824157988,592230176,False
2024-03-27,132.5,55.311432,6.068991,109200933410.0,78470498320.0,824157988,592230176,False
2024-03-28,131.13,54.739532,6.006239,108071836966.44,77659142978.88,824157988,592230176,False
2024-03-29,129.8,54.184331,5.945321,106975706842.4,76871476844.8,824157988,592230176,False
2024-04-01,128.14,53.491372,5.869286,105607604582.32,75888374752.64,824157988,592230176,False
2024-04-02,126.79,52.927822,5.807451,104494991298.52,75088864015.04,824157988,592230176,False
2024-04-03,127.55,53.24508,5.842262,105121351369.4,75538958948.8,824157988,592230176,False
2024-04-08,125.1,52.22234,5.730043,103102164298.8,74087995017.6,824157988,592230176,False
2024-04-09,125.8,52.514552,5.762106,103679074890.4,74502556140.8,824157988,592230176,False
2024-04-10,126.08,52.631436,5.774931,103909839127.04,74668380590.08,824157988,592230176,False
2024-04-11,124.1,51.804896,5.684239,102278006310.8,73495764841.6,824157988,592230176,False
2024-04-12,123.47,51.541905,5.655383,101758786778.36,73122659830.72,824157988,592230176,False
2024-04-15,125.63,52.443586,5.754319,103538968032.44,74401877010.88,824157988,592230176,False
2024-04-16,120.6,50.343839,5.523926,99393453352.8,71422959225.6,824157988,592230176,False
2024-04-17,122.22,51.020099,5.598128,100728589293.36,72382372110.72,824157988,592230176,False
2024-04-18,122.89,51.299787,5.628817,101280775145.32,72779166328.64,824157988,592230176,False
2024-04-19,121.35,50.656922,5.558279,100011571843.8,71867131857.6,824157988,592230176,False
2024-04-22,122.97,51.333183,5.632481,101346707784.36,72826544742.72,824157988,592230176,False
2024-04-23,126.43,52.777542,5.790962,104198294422.84,74875661151.68,824157988,592230176,False
2024-04-24,125.68,52.464458,5.756609,103580175931.84,74431488519.68,824157988,592230176,False
2024-04-25,127.39,53.178289,5.834934,104989486091.32,75444202120.64,824157988,592230176,False
2024-04-26,129.1,53.892119,5.913258,106398796250.8,76456915721.6,824157988,592230176,False
2024-04-29,132.6,54.425853,5.684431,109283349208.8,78529721337.6,824157988,592230176,False
2024-04-30,132.56,54.409435,5.682716,109250382889.28,78506032130.56,824157988,592230176,False
2024-05-06,131.98,54.171373,5.657852,108772371256.24,78162538628.48,824157988,592230176,False
2024-05-07,134.5,55.20571,5.765882,110849249386.0,79654958672.0,824157988,592230176,False
2024-05-08,130.07,53.387411,5.575972,107198229499.16,77031378992.32,824157988,592230176,False
2024-05-09,130.77,53.674727,5.60598,107775140090.76,77445940115.52,824157988,592230176,False
2024-05-10,131.51,53.978461,5.637703,108385017001.88,77884190445.76,824157988,592230176,False
2024-05-13,134.67,55.275487,5.773169,110989356243.96,79755637801.92,824157988,592230176,False
2024-05-14,135.68,55.690043,5.816467,111821755811.84,80353790279.68,824157988,592230176,False
2024-05-15,133.2,54.672124,5.710152,109777844001.6,78885059443.2,824157988,592230176,False
2024-05-16,132.06,54.204209,5.661281,108838303895.28,78209917042.56,824157988,592230176,False
2024-05-17,129.3,53.071363,5.542963,106563627848.4,76575361756.8,824157988,592230176,False
2024-05-20,126.93,52.098593,5.441363,104610373416.84,75171776239.68,824157988,592230176,False
2024-05-21,127.38,52.283297,5.460654,104981244511.44,75438279818.88,824157988,592230176,False
2024-05-22,127.56,52.357178,5.468371,105129592949.28,75544881250.56,824157988,592230176,False
2024-05-23,127.13,52.180684,5.449937,104775205014.44,75290222274.88,824157988,592230176,False
2024-05-24,127.45,52.312028,5.463655,105038935570.6,75479735931.2,824157988,592230176,False
2024-05-27,126.24,51.815382,5.411784,104041704405.12,74763137418.24,824157988,592230176,False
2024-05-28,125.04,51.32284,5.360341,103052714819.52,74052461207.04,824157988,592230176,False
2024-05-29,124.85,51.244855,5.352196,102896124801.8,73939937473.6,824157988,592230176,False
2024-05-30,126.04,51.733292,5.40321,103876872807.52,74644691383.04,824157988,592230176,False
2024-05-31,127.8,52.455686,5.478659,105327390866.4,75687016492.8,824157988,592230176,False
2024-06-03,122.7,50.362384,5.260027,101124185127.6,72666642595.2,824157988,592230176,False
2024-06-04,121.67,49.939619,5.215872,100275302399.96,72056645513.92,824157988,592230176,False
2024-06-05,121.7,49.951933,5.217158,100300027139.6,72074412419.2,824157988,592230176,False
2024-06-06,121.21,49.750812,5.196153,99896189725.48,71784219632.96,824157988,592230176,False
2024-06-07,121.35,49.808275,5.202154,100011571843.8,71867131857.6,824157988,592230176,False
2024-06-11,121.21,49.750812,5.196153,99896189725.48,71784219632.96,824157988,592230176,False
2024-06-12,115.94,47.587733,4.970233,95552877128.72,68663166605.44,824157988,592230176,False
2024-06-13,112.1,46.0116,4.805616,92388110454.8,66389002729.6,824157988,592230176,False
2024-06-14,113.0,46.381006,4.844198,93129852644.0,66922009888.0,824157988,592230176,False
2024-06-17,112.7,46.25787,4.831337,92882605247.6,66744340835.2,824157988,592230176,False
2024-06-18,113.13,46.434364,4.849771,93236993182.44,66998999810.88,824157988,592230176,False
2024-06-19,115.99,47.608255,4.972376,95594085028.12,68692778114.24,824157988,592230176,False
2024-06-20,115.89,47.56721,4.968089,95511669229.32,68633555096.64,824157988,592230176,False
2024-06-21,117.08,48.055647,5.019104,96492417235.04,69338309006.08,824157988,592230176,False
2024-06-24,114.51,47.000787,4.90893,94374331205.88,67816277453.76,824157988,592230176,False
2024-06-25,114.29,46.910488,4.899499,94193016448.52,67685986815.04,824157988,592230176,False
2024-06-26,114.08,46.824293,4.890497,94019943271.04,67561618478.08,824157988,592230176,False
2024-06-27,111.13,45.613462,4.764033,91588677206.44,65814539458.88,824157988,592230176,False
2024-06-28,109.7,45.026516,4.70273,90410131283.6,64967650307.2,824157988,592230176,False
2024-07-01,107.48,44.115314,4.607561,88580500550.24,63337853940.48,824157988,589298976,False
2024-07-02,106.1,43.548891,4.548402,87443162526.8,62524621353.6,824157988,589298976,False
2024-07-03,104.91,43.060454,4.497388,86462414521.08,61823355572.16,824157988,589298976,False
2024-07-04,103.58,42.514554,4.440372,85366284397.04,61039587934.08,824157988,589298976,False
2024-07-05,108.02,44.336958,4.63071,89025545863.76,63656075387.52,824157988,589298976,False
2024-07-08,104.11,42.732093,4.463093,85803088130.68,61351916391.36,824157988,589298976,False
2024-07-09,105.02,43.105604,4.502103,86553071899.76,61888178459.52,824157988,589298976,False
2024-07-10,105.12,43.146649,4.50639,86635487698.56,61947108357.12,824157988,589298976,False
2024-07-11,107.39,44.078374,4.603703,88506326331.32,63284817032.64,824157988,589298976,False
2024-07-12,106.66,43.778744,4.572408,87904691000.08,62854628780.16,824157988,589298976,False
2024-07-15,105.46,43.286202,4.520966,86915701414.48,62147470008.96,824157988,589298976,False
2024-07-16,105.18,43.171276,4.508962,86684937177.84,61982466295.68,824157988,589298976,False
2024-07-17,106.99,43.914193,4.586555,88176663136.12,63049097442.24,824157988,589298976,False
2024-07-18,110.63,45.408236,4.742598,91176598212.44,65194145714.88,824157988,589298976,False
2024-07-19,113.0,46.381006,4.844198,93129852644.0,66590784288.0,824157988,589298976,False
2024-07-22,116.3,47.735495,4.985666,95849574004.4,68535470908.8,824157988,589298976,False
2024-07-23,113.28,46.495932,4.856201,93360616880.64,66755788001.28,824157988,589298976,False
2024-07-24,112.14,46.028018,4.807331,92421076774.32,66083987168.64,824157988,589298976,False
2024-07-25,112.14,46.028018,4.807331,92421076774.32,66083987168.64,824157988,589298976,False
2024-07-26,116.25,47.714973,4.983522,95808366105.0,68506005960.0,824157988,589298976,False
2024-07-29,115.92,47.579524,4.969375,95536393968.96,68311537297.92,824157988,589298976,False
2024-07-30,114.8,47.119818,4.921362,94613337022.4,67651522444.8,824157988,589298976,False
2024-07-31,116.25,47.714973,4.983522,95808366105.0,68506005960.0,824157988,589298976,False
2024-08-01,112.15,46.032122,4.807759,92429318354.2,66089880158.4,824157988,589298976,False
2024-08-02,113.3,46.504141,4.857059,93377100040.4,66767573980.8,824157988,589298976,False
2024-08-05,114.32,46.922802,4.900785,94217741188.16,67368658936.32,824157988,589298976,False
2024-08-06,118.06,48.45789,5.061115,97300092063.28,69572637106.56,824157988,589298976,False
2024-08-07,119.28,48.95864,5.113415,98305564808.64,70291581857.28,824157988,589298976,False
2024-08-08,118.1,48.474308,5.06283,97333058382.8,69596209065.6,824157988,589298976,False
2024-08-09,115.13,47.255267,4.935509,94885309158.44,67845991106.88,824157988,589298976,False
2024-08-12,115.43,47.378403,4.94837,95132556554.84,68022780799.68,824157988,589298976,False
2024-08-13,115.29,47.320939,4.942368,95017174436.52,67940278943.04,824157988,589298976,False
2024-08-14,115.49,47.40303,4.950942,95182006034.12,68058138738.24,824157988,589298976,False
2024-08-15,114.6,47.037728,4.912788,94448505424.8,67533662649.6,824157988,589298976,False
2024-08-16,111.0,45.560103,4.75846,91481536668.0,65412186336.0,824157988,589298976,False
2024-08-19,107.07,43.947029,4.589985,88242595775.16,63096241360.32,824157988,589298976,False
2024-08-20,106.8,43.836207,4.57841,88020073118.4,62937130636.8,824157988,589298976,False
2024-08-21,105.28,43.212321,4.513249,86767352976.64,62041396193.28,824157988,589298976,False
2024-08-22,105.83,43.438069,4.536827,87220639870.04,62788830630.08,824157988,593298976,False
2024-08-23,106.53,43.725385,4.566836,87797550461.64,63204139913.28,824157988,593298976,False
2024-08-26,105.4,43.261575,4.518394,86866251935.2,62533712070.4,824157988,593298976,False
2024-08-27,103.96,42.670525,4.456662,85679464432.48,61679361544.96,824157988,593298976,False
2024-08-28,102.95,42.255969,4.413364,84847064864.6,61080129579.2,824157988,593298976,False
2024-08-29,104.08,42.719779,4.461806,85778363391.04,61750557422.08,824157988,593298976,False
2024-08-30,105.71,43.388815,4.531683,87121740911.48,62717634752.96,824157988,593298976,False
2024-09-02,104.2,43.225491,4.384216,85877262349.6,61821753299.2,824157988,593298976,False
2024-09-03,102.98,42.719396,4.332884,84871789604.24,61097928548.48,824157988,593298976,False
2024-09-04,102.95,42.706951,4.331622,84847064864.6,61080129579.2,824157988,593298976,False
2024-09-05,103.95,43.121783,4.373697,85671222852.6,61673428555.2,824157988,593298976,False
2024-09-06,102.75,42.623984,4.323207,84682233267.0,60961469784.0,824157988,593298976,False
2024-09-09,98.81,40.989546,4.157431,81435050794.28,58623871818.56,824157988,593298976,False
2024-09-10,98.16,40.719906,4.130083,80899348102.08,58238227484.16,824157988,593298976,False
2024-09-11,97.62,40.495896,4.107362,80454302788.56,57917846037.12,824157988,593298976,False
2024-09-12,96.36,39.973208,4.054348,79415863723.68,57170289327.36,824157988,593298976,False
2024-09-13,97.52,40.454413,4.103155,80371886989.76,57858516139.52,824157988,593298976,False
2024-09-18,93.2,38.662339,3.921391,76811524481.6,55295464563.2,824157988,593298976,False
2024-09-19,93.85,38.93198,3.948739,77347227173.8,55681108897.6,824157988,593298976,False
2024-09-20,94.9,39.367553,3.992918,78212593061.2,56304072822.4,824157988,593298976,False
2024-09-23,92.81,38.500555,3.904981,76490102866.28,55064077962.56,824157988,593298976,False
2024-09-24,98.3,40.777982,4.135973,81014730220.4,58321289340.8,824157988,593298976,False
2024-09-25,99.89,41.437565,4.202872,82325141421.32,59264634712.64,824157988,593298976,False
2024-09-26,105.23,43.652768,4.427553,86726145077.24,62432851244.48,824157988,593298976,False
2024-09-27,114.96,47.689083,4.836943,94745202300.48,68205650280.96,824157988,593298976,False
2024-09-30,128.0,53.098491,5.385601,105492222464.0,75942268928.0,824157988,593298976,False
2024-10-08,139.54,57.885652,5.871146,115003005645.52,82788939111.04,824157988,593298976,False
2024-10-09,126.21,52.355942,5.310286,104016979665.48,74880263760.96,824157988,593298976,False
2024-10-10,124.65,51.708804,5.244649,102731293204.2,73954717358.4,824157988,593298976,False
2024-10-11,119.58,49.605606,5.031329,98552812205.04,70946691550.08,824157988,593298976,False
2024-10-14,119.12,49.414784,5.011975,98173699530.56,70673774021.12,824157988,593298976,False
2024-10-15,113.48,47.075131,4.774672,93525448478.24,67327567796.48,824157988,593298976,False
2024-10-16,111.89,46.415548,4.707772,92215037277.32,66384222424.64,824157988,593298976,False
2024-10-17,110.35,45.776707,4.642977,90945833975.8,65470542001.6,824157988,593298976,False
2024-10-18,115.7,47.996058,4.868078,95355079211.6,68644691523.2,824157988,593298976,False
2024-10-21,116.3,48.244957,4.893323,95849574004.4,69000670908.8,824157988,593298976,False
2024-10-22,116.01,48.124656,4.881121,95610568187.88,68828614205.76,824157988,593298976,False
2024-10-23,120.22,49.871099,5.058257,99080273317.36,71326402894.72,824157988,593298976,False
2024-10-24,121.38,50.352304,5.107064,100036296583.44,72014629706.88,824157988,593298976,False
2024-10-25,121.76,50.50994,5.123053,100349476618.88,72240083317.76,824157988,593298976,False
2024-10-28,125.0,51.853996,5.259376,103019748500.0,74162372000.0,824157988,593298976,False
2024-10-29,123.56,51.256638,5.198788,101832960997.28,73308021474.56,824157988,593298976,False
2024-10-30,121.16,50.261041,5.097808,99854981826.08,71884103932.16,824157988,593298976,False
2024-10-31,122.18,63.684322,5.237709,100695622973.84,72489268887.68,824157988,593298976,False
2024-11-01,123.8,64.52872,5.307157,102030758914.4,73450413228.8,824157988,593298976,False
2024-11-04,121.25,63.199574,5.197841,99929156045.0,71937500840.0,824157988,593298976,False
2024-11-05,123.28,64.257679,5.284865,101602196760.64,73141897761.28,824157988,593298976,False
2024-11-06,120.16,62.63143,5.151114,99030823838.08,71290804956.16,824157988,593298976,False
2024-11-07,124.98,65.143776,5.357742,103003265340.24,74150506020.48,824157988,593298976,False
2024-11-08,130.62,68.083533,5.599522,107651516392.56,77496712245.12,824157988,593298976,False
2024-11-11,136.8,71.304757,5.864451,112744812758.4,81163299916.8,824157988,593298976,False
2024-11-12,139.4,72.659964,5.97591,114887623527.2,82705877254.4,824157988,593298976,False
2024-11-13,140.35,73.155136,6.016635,115670573615.8,83269511281.6,824157988,593298976,False
2024-11-14,137.88,71.867689,5.910749,113634903385.44,81804062810.88,824157988,593298976,False
2024-11-15,135.0,70.366536,5.787287,111261328380.0,80095361760.0,824157988,593298976,False
2024-11-18,132.1,68.854959,5.662968,108871270214.8,78374794729.6,824157988,593298976,False
2024-11-19,137.2,71.51325,5.881599,113074475953.6,81400619507.2,824157988,593298976,False
2024-11-20,143.7,74.901269,6.160246,118431502875.6,85257062851.2,824157988,593298976,False
2024-11-21,138.69,72.289888,5.945473,114302471355.72,82284634981.44,824157988,593298976,False
2024-11-22,134.5,70.10592,5.765853,110849249386.0,79798712272.0,824157988,593298976,False
2024-11-25,130.7,68.125232,5.602951,107717449031.6,77544176163.2,824157988,593298976,False
2024-11-26,130.0,67.760368,5.572943,107140538440.0,77128866880.0,824157988,593298976,False
2024-11-27,132.94,69.292795,5.698978,109563562924.72,78873165869.44,824157988,593298976,False
2024-11-28,129.83,67.671759,5.565656,107000431582.04,77028006054.08,824157988,593298976,False
2024-11-29,131.15,68.359787,5.622242,108088320126.2,77811160702.4,824157988,593298976,False
2024-12-02,140.0,72.972704,6.001631,115382118320.0,83061856640.0,824157988,593298976,False
2024-12-03,140.0,72.972704,6.001631,115382118320.0,83061856640.0,824157988,593298976,False
2024-12-04,139.39,72.654752,5.975481,114879381947.32,82699944264.64,824157988,593298976,False
2024-12-05,139.7,72.816334,5.988771,115134870923.6,82883866947.2,824157988,593298976,False
2024-12-06,140.11,73.03004,6.006347,115472775698.68,83127119527.36,824157988,593298976,False
2024-12-09,141.0,73.493938,6.0445,116206276308.0,83655155616.0,824157988,593298976,False
2024-12-10,139.21,72.56093,5.967765,114731033509.48,82593150448.96,824157988,593298976,False
2024-12-11,141.2,73.598185,6.053074,116371107905.6,83773815411.2,824157988,593298976,False
2024-12-12,139.03,72.467108,5.960048,114582685071.64,82486356633.28,824157988,593298976,False
2024-12-13,133.5,69.584686,5.722984,110025091398.0,79205413296.0,824157988,593298976,False
2024-12-16,134.34,70.022522,5.758994,110717384107.92,79703784435.84,824157988,593298976,False
2024-12-17,130.7,68.125232,5.602951,107717449031.6,77544176163.2,824157988,593298976,False
2024-12-18,132.11,68.860171,5.663396,108879511794.68,78380727719.36,824157988,593298976,False
2024-12-19,128.61,67.035854,5.513356,105994958836.68,76304181303.36,824157988,593298976,False
2024-12-20,124.59,64.940495,5.341023,102681843724.92,73919119419.84,824157988,593298976,False
2024-12-23,125.01,65.159413,5.359028,103027990079.88,74168304989.76,824157988,593298976,False
2024-12-24,127.05,66.222729,5.44648,104709272375.4,75378634900.8,824157988,593298976,False
2024-12-25,130.35,67.9428,5.587947,107428993735.8,77336521521.6,824157988,593298976,False
2024-12-26,127.36,66.384312,5.45977,104964761351.68,75562557583.36,824157988,593298976,False
2024-12-27,126.91,66.149757,5.440479,104593890257.08,75295573044.16,824157988,593298976,False
2024-12-30,126.25,65.805742,5.412185,104049945985.0,74903995720.0,824157988,593298976,False
2024-12-31,126.4,65.883927,5.418616,104173569683.2,74992990566.4,824157988,593298976,False
2025-01-02,126.1,65.727557,5.405755,103926322286.8,74815000873.6,824157988,593298976,False
2025-01-03,126.84,66.11327,5.437478,104536199197.92,75254042115.84,824157988,593298976,False
2025-01-06,124.79,65.044741,5.349597,102846675322.52,74037779215.04,824157988,593298976,False
2025-01-07,120.53,62.824286,5.166976,99335762293.64,71510325577.28,824157988,593298976,False
2025-01-08,119.11,62.084134,5.106102,98165457950.68,70667841031.36,824157988,593298976,False
2025-01-09,117.5,61.244948,5.037083,96838563590.0,69712629680.0,824157988,593298976,False
2025-01-10,119.06,62.058073,5.103959,98124250051.28,70638176082.56,824157988,593298976,False
2025-01-13,123.6,64.424473,5.298583,101865927316.8,73331753433.6,824157988,593298976,False
2025-01-14,125.83,65.586824,5.39418,103703799630.04,74654810150.08,824157988,593298976,False
2025-01-15,123.0,64.111733,5.272862,101371432524.0,72975774048.0,824157988,593298976,False
2025-01-16,124.62,64.956132,5.342309,102706568464.56,73936918389.12,824157988,593298976,False
2025-01-17,122.4,63.798993,5.24714,100876937731.2,72619794662.4,824157988,593298976,False
2025-01-20,122.2,63.694746,5.238567,100712106133.6,72501134867.2,824157988,593298976,False
2025-01-21,121.5,63.329883,5.208558,100135195542.0,72085825584.0,824157988,593298976,False
2025-01-22,122.32,63.757294,5.243711,100811005092.16,72572330744.32,824157988,593298976,False
2025-01-23,124.02,64.643391,5.316588,102212073671.76,73580939003.52,824157988,593298976,False
2025-01-24,121.94,63.559226,5.227421,100497825056.72,72346877133.44,824157988,593298976,False
2025-01-27,124.39,64.836248,5.332449,102517012127.32,73800459624.64,824157988,593298976,False
2025-02-05,116.78,60.86966,5.006218,96245169838.64,69285454417.28,824157988,593298976,False
2025-02-06,119.02,62.037223,5.102244,98091283731.76,70614444123.52,824157988,593298976,False
2025-02-07,120.0,62.548032,5.144255,98898958560.0,71195877120.0,824157988,593298976,False
2025-02-10,127.9,66.665778,5.482919,105409806665.2,75882939030.4,824157988,593298976,False
2025-02-11,130.48,68.010561,5.59352,107536134274.24,77413650388.48,824157988,593298976,False
2025-02-12,130.25,67.890677,5.58366,107346577937.0,77277191624.0,824157988,593298976,False
2025-02-13,126.93,66.160181,5.441336,104610373416.84,75307439023.68,824157988,593298976,False
2025-02-14,135.19,70.465571,5.795432,111417918397.72,80208088565.44,824157988,593298976,False
2025-02-17,134.9,70.314413,5.783,111178912581.2,80036031862.4,824157988,593298976,False
2025-02-18,131.6,68.594342,5.641533,108459191220.8,78078145241.6,824157988,593298976,False
2025-02-19,130.26,67.895889,5.584089,107354819516.88,77283124613.76,824157988,593298976,False
2025-02-20,141.76,73.890076,6.07708,116832636378.88,84106062837.76,824157988,593298976,False
2025-02-21,140.52,73.243746,6.023923,115810680473.76,83370372107.52,824157988,593298976,False
2025-02-24,139.55,72.738149,5.98234,115011247225.4,82794872100.8,824157988,593298976,False
2025-02-25,140.4,73.181198,6.018779,115711781515.2,83299176230.4,824157988,593298976,False
2025-02-26,138.0,71.930237,5.915894,113733802344.0,81875258688.0,824157988,593298976,False
2025-02-27,139.3,72.607841,5.971623,114805207728.4,82646547356.8,824157988,593298976,False
2025-02-28,134.95,88.139162,5.785144,111220120480.6,80065696811.2,824157988,593298976,False
2025-03-03,134.79,88.034662,5.778285,111088255202.52,79970768975.04,824157988,593298976,False
2025-03-04,136.5,89.151505,5.85159,112497565362.0,80985310224.0,824157988,593298976,False
2025-03-05,134.29,87.7081,5.75685,110676176208.52,79674119487.04,824157988,593298976,False
2025-03-06,135.12,88.250193,5.792431,111360227338.56,80166557637.12,824157988,593298976,False
2025-03-07,131.72,86.02957,5.646678,108558090179.36,78149341118.72,824157988,593298976,False
2025-03-10,135.8,88.694318,5.821582,111920654770.4,80570000940.8,824157988,593298976,False
2025-03-11,132.66,86.643507,5.686974,109332798688.08,78707042156.16,824157988,593298976,False
2025-03-12,130.14,84.997633,5.578945,107255920558.32,77211928736.64,824157988,593298976,False
2025-03-13,129.98,84.893133,5.572086,107124055280.24,77117000900.48,824157988,593298976,False
2025-03-14,130.85,85.461351,5.609382,107841072729.8,77633171009.6,824157988,593298976,False
2025-03-17,126.54,82.646384,5.424617,104288951801.52,75076052423.04,824157988,593298976,False
2025-03-18,127.5,83.273384,5.465771,105080143470.0,75645619440.0,824157988,593298976,False
2025-03-19,129.07,84.29879,5.533075,106374071511.16,76577098832.32,824157988,593298976,False
2025-03-20,127.85,83.501978,5.480775,105368598765.8,75853274081.6,824157988,593298976,False
2025-03-21,127.51,83.279915,5.4662,105088385049.88,75651552429.76,824157988,593298976,False
2025-03-24,123.0,80.334323,5.272862,101371432524.0,72975774048.0,824157988,593298976,False
2025-03-25,124.2,81.118073,5.324304,102360422109.6,73687732819.2,824157988,593298976,False
2025-03-26,124.47,81.294417,5.335879,102582944766.36,73847923542.72,824157988,593298976,False
2025-03-27,123.3,80.530261,5.285722,101618679920.4,73153763740.8,824157988,593298976,False
2025-03-28,122.3,79.877136,5.242854,100794521932.4,72560464764.8,824157988,593298976,False
2025-03-31,121.99,79.674668,5.229564,100539032956.12,72376542082.24,824157988,593298976,False
2025-04-01,127.18,83.064384,5.452053,104816412913.84,75455763767.68,824157988,593298976,False
2025-04-02,124.49,81.307479,5.336736,102599427926.12,73859789522.24,824157988,593298976,False
2025-04-03,124.5,81.31401,5.337165,102607669506.0,73865722512.0,824157988,593298976,False
2025-04-07,126.0,82.293697,5.401468,103843906488.0,74755670976.0,824157988,593298976,False
2025-04-08,131.6,85.951195,5.641533,108459191220.8,78078145241.6,824157988,593298976,False
2025-04-09,135.05,88.204475,5.789431,111302536279.4,80125026708.8,824157988,593298976,False
2025-04-10,135.07,88.217537,5.790288,111319019439.16,80136892688.32,824157988,593298976,False
2025-04-11,132.2,86.34307,5.667255,108953686013.6,78434124627.2,824157988,593298976,False
2025-04-14,130.9,85.494008,5.611525,107882280629.2,77662835958.4,824157988,593298976,False
2025-04-15,130.9,85.494008,5.611525,107882280629.2,77662835958.4,824157988,593298976,False
2025-04-16,132.99,86.859038,5.701121,109604770824.12,78902830818.24,824157988,593298976,False
2025-04-17,130.89,85.487476,5.611096,107874039049.32,77656902968.64,824157988,593298976,False
2025-04-18,129.92,84.853946,5.569514,107074605800.96,77081402961.92,824157988,593298976,False
2025-04-21,128.9,84.187758,5.525788,106233964653.2,76476238006.4,824157988,593298976,False
2025-04-22,125.56,82.006322,5.382606,103481276973.28,74494619426.56,824157988,593298976,False
2025-04-23,127.1,83.012134,5.448624,104750480274.8,75408299849.6,824157988,593298976,False
2025-04-24,126.1,82.35901,5.405755,103926322286.8,74815000873.6,824157988,593298976,False
2025-04-25,127.42,83.221134,5.462342,105014210830.96,75598155521.92,824157988,593298976,False
2025-04-28,124.69,81.438104,5.34531,102764259523.72,73978449317.44,824157988,593298976,False
2025-04-29,129.16,83.906447,5.247817,106448245730.08,76630495740.16,824157988,593298976,False
2025-04-30,132.9,86.33607,5.399774,109530596605.2,78849433910.4,824157988,593298976,False
2025-05-06,134.25,87.213073,5.454625,110643209889.0,79650387528.0,824157988,593298976,False
2025-05-07,135.78,88.20701,5.51679,111904171610.64,80558134961.28,824157988,593298976,False
2025-05-08,135.2,87.830224,5.493224,111426159977.6,80214021555.2,824157988,593298976,False
2025-05-09,136.68,88.791679,5.553357,112645913799.84,81092104039.68,824157988,593298976,False
2025-05-12,139.9,90.883493,5.684187,115299702521.2,83002526742.4,824157988,593298976,False
2025-05-13,138.78,90.155906,5.638681,114376645574.64,82338031889.28,824157988,593298976,False
2025-05-14,138.35,89.876564,5.62121,114022257639.8,82082913329.6,824157988,593298976,False
2025-05-15,137.6,89.38934,5.590737,113404139148.8,81637939097.6,824157988,593298976,False
2025-05-16,137.83,89.538755,5.600082,113593695486.04,81774397862.08,824157988,593298976,False
2025-05-19,138.23,89.798608,5.616334,113923358681.24,82011717452.48,824157988,593298976,False
2025-05-20,138.03,89.668682,5.608208,113758527083.64,81893057657.28,824157988,593298976,False
2025-05-21,139.06,90.337803,5.650057,114607409811.28,82504155602.56,824157988,593298976,False
2025-05-22,136.99,88.993065,5.565952,112901402776.12,81276026722.24,824157988,593298976,False
2025-05-23,138.0,89.649193,5.606989,113733802344.0,81875258688.0,824157988,593298976,False
2025-05-26,138.68,90.090942,5.634618,114294229775.84,82278701991.68,824157988,593298976,False
2025-05-27,137.65,89.421822,5.592768,113445347048.2,81667604046.4,824157988,593298976,False
2025-05-28,137.74,89.480289,5.596425,113519521267.12,81721000954.24,824157988,593298976,False
2025-05-29,138.25,89.811601,5.617147,113939841841.0,82023583432.0,824157988,593298976,False
2025-05-30,137.43,89.278903,5.58383,113264032290.84,81537078271.68,824157988,593298976,False
2025-06-03,142.02,92.260713,5.770323,117046917455.76,84260320571.52,824157988,593298976,False
2025-06-04,137.98,89.6362,5.606176,113717319184.24,81863392708.48,824157988,593298976,False
2025-06-05,137.45,89.291895,5.584642,113280515450.6,81548944251.2,824157988,593298976,False
2025-06-06,134.16,87.154607,5.450968,110569035670.08,79596990620.16,824157988,593298976,False
2025-06-09,134.51,87.381978,5.465189,110857490965.88,79804645261.76,824157988,593298976,False
2025-06-10,131.77,85.601986,5.353862,108599298078.76,78179006067.52,824157988,593298976,False
2025-06-11,132.18,85.868336,5.37052,108937202853.84,78422258647.68,824157988,593298976,False
2025-06-12,132.13,85.835854,5.368489,108895994954.44,78392593698.88,824157988,593298976,False
2025-06-13,129.5,84.127322,5.261631,106728459446.0,76832217392.0,824157988,593298976,False
2025-06-16,126.9,82.438279,5.155992,104585648677.2,75289640054.4,824157988,593298976,False
2025-06-17,126.24,82.009522,5.129176,104041704405.12,74898062730.24,824157988,593298976,False
2025-06-18,126.93,82.457768,5.157211,104610373416.84,75307439023.68,824157988,593298976,False
2025-06-19,127.12,82.581198,5.164931,104766963434.56,75420165829.12,824157988,593298976,False
2025-06-20,128.46,83.451705,5.219375,105871335138.48,76215186456.96,824157988,593298976,False
2025-06-23,128.1,83.217838,5.204749,105574638262.8,76001598825.6,824157988,593298976,False
2025-06-24,127.48,82.815066,5.179558,105063660310.24,75633753460.48,824157988,593298976,False
2025-06-25,128.88,83.724551,5.23644,106217481493.44,76464372026.88,824157988,593298976,False
2025-06-26,129.08,83.854477,5.244566,106382313091.04,76583031822.08,824157988,593298976,False
2025-06-27,128.2,83.282801,5.208812,105657054061.6,76060928723.2,824157988,593298976,False
2025-06-30,127.74,82.98397,5.190122,105277941387.12,75788011194.24,824157988,593298976,False
2025-07-01,128.05,83.185356,5.202717,105533430363.4,75971933876.8,824157988,593298976,False
2025-07-02,126.15,81.951056,5.125519,103967530186.2,74844665822.4,824157988,593298976,False
2025-07-03,126.38,82.100471,5.134864,104157086523.44,74981124586.88,824157988,593298976,False
2025-07-04,126.42,82.126456,5.13649,104190052842.96,75004856545.92,824157988,593298976,False
2025-07-07,129.71,84.263745,5.270163,106901532623.48,76956810176.96,824157988,593298976,False
2025-07-08,127.9,83.087911,5.196622,105409806665.2,75882939030.4,824157988,593298976,False
2025-07-09,126.8,82.373316,5.151929,104503232878.4,75230310156.8,824157988,593298976,False
2025-07-10,125.85,81.756166,5.11333,103720282789.8,74666676129.6,824157988,593298976,False
2025-07-11,125.5,81.528795,5.09911,103431827494.0,74459021488.0,824157988,593298976,False
2025-07-14,124.84,81.100038,5.072294,102887883221.92,74067444163.84,824157988,593298976,False
2025-07-15,124.1,80.61931,5.042227,102278006310.8,73628402921.6,824157988,593298976,False
2025-07-16,125.3,81.398869,5.090984,103266995896.4,74340361692.8,824157988,593298976,False
2025-07-17,126.64,82.269375,5.145428,104371367600.32,75135382320.64,824157988,593298976,False
2025-07-18,127.9,83.087911,5.196622,105409806665.2,75882939030.4,824157988,593298976,False
2025-07-21,129.5,84.127322,5.261631,106728459446.0,76832217392.0,824157988,593298976,False
2025-07-22,133.6,86.790813,5.428216,110107507196.8,79264743193.6,824157988,593298976,False
2025-07-23,133.47,86.706361,5.422934,110000366658.36,79187614326.72,824157988,593298976,False
2025-07-24,137.25,89.161969,5.576516,113115683853.0,81430284456.0,824157988,593298976,False
2025-07-25,137.09,89.058028,5.570015,112983818574.92,81335356619.84,824157988,593298976,False
2025-07-28,137.7,89.454303,5.5948,113486554947.6,81697268995.2,824157988,593298976,False
2025-07-29,137.32,89.207443,5.57936,113173374912.16,81471815384.32,824157988,593298976,False
2025-07-30,137.01,89.006057,5.566765,112917885935.88,81287892701.76,824157988,593298976,False
2025-07-31,133.3,86.595923,5.416026,109860259800.4,79086753500.8,824157988,593298976,False
2025-08-01,133.31,86.60242,5.416433,109868501380.28,79092686490.56,824157988,593298976,False
2025-08-04,131.29,85.290163,5.334359,108203702244.52,77894222559.04,824157988,593298976,False
2025-08-05,128.55,83.510172,5.223032,105945509357.4,76268583364.8,824157988,593298976,False
2025-08-06,129.15,83.899951,5.24741,106440004150.2,76624562750.4,824157988,593298976,False
2025-08-07,132.16,85.855343,5.369708,108920719694.08,78410392668.16,824157988,593298976,False
2025-08-08,130.7,84.90688,5.310387,107717449031.6,77544176163.2,824157988,593298976,False
2025-08-11,130.68,84.893888,5.309575,107700965871.84,77532310183.68,824157988,593298976,False
2025-08-12,131.17,85.212207,5.329484,108104803285.96,77823026681.92,824157988,593298976,False
2025-08-13,131.04,85.127755,5.324202,107997662747.52,77745897815.04,824157988,593298976,False
2025-08-14,127.92,83.100904,5.197435,105426289824.96,75894805009.92,824157988,593298976,False
2025-08-15,127.96,83.126889,5.19906,105459256144.48,75918536968.96,824157988,593298976,False
2025-08-18,129.66,84.231263,5.268132,106860324724.08,76927145228.16,824157988,593298976,False
2025-08-19,129.55,84.159804,5.263663,106769667345.4,76861882340.8,824157988,593298976,False
2025-08-20,130.03,84.471627,5.283165,107165263179.64,77146665849.28,824157988,593298976,False
2025-08-21,133.8,86.920739,5.436342,110272338794.4,79383402988.8,824157988,593298976,False
2025-08-22,135.38,87.947157,5.500538,111574508415.44,111574508415.44,824157988,824157988,False
2025-08-25,135.85,88.252484,5.519634,111961862669.8,111961862669.8,824157988,824157988,False
2025-08-26,136.5,88.674745,5.546044,112497565362.0,112497565362.0,824157988,824157988,False
2025-08-27,135.6,88.090076,5.509476,111755823172.8,111755823172.8,824157988,824157988,False
2025-08-28,136.26,88.518833,5.536292,112299767444.88,112299767444.88,824157988,824157988,False
2025-08-29,141.8,92.117794,5.761384,116865602698.4,116865602698.4,824157988,824157988,False
2025-09-01,152.1,95.714107,6.028441,125354429974.8,125354429974.8,824157988,824157988,False
2025-09-02,150.56,94.74501,5.967403,124085226673.28,124085226673.28,824157988,824157988,False
2025-09-03,148.84,93.662641,5.899231,122667674933.92,122667674933.92,824157988,824157988,False
2025-09-04,141.2,88.854911,5.596422,116371107905.6,116371107905.6,824157988,824157988,False
2025-09-05,142.64,89.76108,5.653496,117557895408.32,117557895408.32,824157988,824157988,False
2025-09-08,158.3,99.615668,6.274176,130464209500.4,130464209500.4,824157988,824157988,False
2025-09-09,153.61,96.664326,6.088289,126598908536.68,126598908536.68,824157988,824157988,False
2025-09-10,152.29,95.833671,6.035971,125511019992.52,125511019992.52,824157988,824157988,False
2025-09-11,154.99,97.532738,6.142985,127736246560.12,127736246560.12,824157988,824157988,False
2025-09-12,151.1,95.084823,5.988806,124530271986.8,124530271986.8,824157988,824157988,False
2025-09-15,152.0,95.651179,6.024477,125272014176.0,125272014176.0,824157988,824157988,False
2025-09-16,152.98,96.267877,6.063319,126079689004.24,126079689004.24,824157988,824157988,False
2025-09-17,151.6,95.399465,6.008623,124942350980.8,124942350980.8,824157988,824157988,False
2025-09-18,150.0,94.392611,5.945208,123623698200.0,123623698200.0,824157988,824157988,False
2025-09-19,147.9,93.071114,5.861975,121892966425.2,121892966425.2,824157988,824157988,False
2025-09-22,145.93,91.831424,5.783894,120269375188.84,120269375188.84,824157988,824157988,False
2025-09-23,143.89,90.547685,5.703039,118588092893.32,118588092893.32,824157988,824157988,False
2025-09-24,147.23,92.649494,5.835419,121340780573.24,121340780573.24,824157988,824157988,False
2025-09-25,148.75,93.606005,5.895664,122593500715.0,122593500715.0,824157988,824157988,False
2025-09-26,144.32,90.818277,5.720082,118942480828.16,118942480828.16,824157988,824157988,False
2025-09-29,147.9,93.071114,5.861975,121892966425.2,121892966425.2,824157988,824157988,False
2025-09-30,151.7,95.462393,6.012587,125024766779.6,125024766779.6,824157988,824157988,False
2025-10-09,157.55,99.143705,6.24445,129846091009.4,129846091009.4,824157988,824157988,False
2025-10-10,156.4,98.420029,6.19887,128898309323.2,128898309323.2,824157988,824157988,False
2025-10-13,153.03,96.299341,6.065301,126120896903.64,126120896903.64,824157988,824157988,False
2025-10-14,147.8,93.008186,5.858011,121810550626.4,121810550626.4,824157988,824157988,False
2025-10-15,148.36,93.360585,5.880207,122272079099.68,122272079099.68,824157988,824157988,False
2025-10-16,147.66,92.920086,5.852462,121695168508.08,121695168508.08,824157988,824157988,False
2025-10-17,143.89,90.547685,5.703039,118588092893.32,118588092893.32,824157988,824157988,False
2025-10-20,141.05,88.760518,5.590477,116247484207.4,116247484207.4,824157988,824157988,False
2025-10-21,143.03,90.006501,5.668954,117879317023.64,117879317023.64,824157988,824157988,False
2025-10-22,140.0,88.09977,5.54886,115382118320.0,115382118320.0,824157988,824157988,False
2025-10-23,140.0,88.09977,5.54886,115382118320.0,115382118320.0,824157988,824157988,False
2025-10-24,142.16,89.459023,5.634471,117162299574.08,117162299574.08,824157988,824157988,False
2025-10-27,143.83,90.509928,5.700661,118538643414.04,118538643414.04,824157988,824157988,False
2025-10-28,144.81,91.126626,5.739503,119346318242.28,119346318242.28,824157988,824157988,False
2025-10-29,146.56,92.227873,5.808864,120788594721.28,120788594721.28,824157988,824157988,False
2025-10-30,141.03,67.933974,5.585745,116231001047.64,116231001047.64,824157988,824157988,False
2025-10-31,139.92,67.399288,5.541781,115316185680.96,115316185680.96,824157988,824157988,False
2025-11-03,137.69,66.3251,5.453458,113478313367.72,113478313367.72,824157988,824157988,False
2025-11-04,137.0,65.992728,5.42613,112909644356.0,112909644356.0,824157988,824157988,False
2025-11-05,138.98,66.946492,5.504551,114541477172.24,114541477172.24,824157988,824157988,False
2025-11-06,137.8,66.378087,5.457815,113568970746.4,113568970746.4,824157988,824157988,False
2025-11-07,137.66,66.310649,5.45227,113453588628.08,113453588628.08,824157988,824157988,False
2025-11-10,141.77,68.290431,5.615054,116840877958.76,116840877958.76,824157988,824157988,False
2025-11-11,141.5,68.160373,5.60436,116618355302.0,116618355302.0,824157988,824157988,False
2025-11-12,139.88,67.380021,5.540197,115283219361.44,115283219361.44,824157988,824157988,False
2025-11-13,138.02,66.484061,5.466529,113750285503.76,113750285503.76,824157988,824157988,False
2025-11-14,136.88,65.934924,5.421377,112810745397.44,112810745397.44,824157988,824157988,False
2025-11-17,134.0,64.547632,5.307309,110437170392.0,110437170392.0,824157988,824157988,False
2025-11-18,134.25,64.668057,5.317211,110643209889.0,110643209889.0,824157988,824157988,False
2025-11-19,131.11,63.155523,5.192846,108055353806.68,108055353806.68,824157988,824157988,False
2025-11-20,130.69,62.953209,5.176211,107709207451.72,107709207451.72,824157988,824157988,False
2025-11-21,133.5,64.306783,5.287506,110025091398.0,110025091398.0,824157988,824157988,False
2025-11-24,134.7,64.884821,5.335034,111014080983.6,111014080983.6,824157988,824157988,False
2025-11-25,133.69,64.398305,5.295031,110181681415.72,110181681415.72,824157988,824157988,False
2025-11-26,131.9,63.536065,5.224135,108706438617.2,108706438617.2,824157988,824157988,False
2025-11-27,132.1,63.632404,5.232056,108871270214.8,108871270214.8,824157988,824157988,False
2025-11-28,133.1,64.114103,5.271663,109695428202.8,109695428202.8,824157988,824157988,False
2025-12-01,131.3,63.247045,5.200371,108211943824.4,108211943824.4,824157988,824157988,False
2025-12-02,128.71,61.999446,5.097789,106077374635.48,106077374635.48,824157988,824157988,False
2025-12-03,128.88,62.081334,5.104523,106217481493.44,106217481493.44,824157988,824157988,False
2025-12-04,128.87,62.076517,5.104127,106209239913.56,106209239913.56,824157988,824157988,False
2025-12-05,130.61,62.914673,5.173042,107643274812.68,107643274812.68,824157988,824157988,False
2025-12-08,129.72,62.485961,5.137792,106909774203.36,106909774203.36,824157988,824157988,False
2025-12-09,128.98,62.129504,5.108483,106299897292.24,106299897292.24,824157988,824157988,False
2025-12-10,129.79,62.51968,5.140565,106967465262.52,106967465262.52,824157988,824157988,False
2025-12-11,128.7,61.994629,5.097393,106069133055.6,106069133055.6,824157988,824157988,False
2025-12-12,128.63,61.96091,5.094621,106011441996.44,106011441996.44,824157988,824157988,False
2025-12-15,129.8,62.524497,5.140961,106975706842.4,106975706842.4,824157988,824157988,False
2025-12-16,127.19,61.267263,5.037587,104824654493.72,104824654493.72,824157988,824157988,False
2025-12-17,127.46,61.397322,5.048281,105047177150.48,105047177150.48,824157988,824157988,False
2025-12-18,126.86,61.108303,5.024517,104552682357.68,104552682357.68,824157988,824157988,False
2025-12-19,127.34,61.339518,5.043528,104948278191.92,104948278191.92,824157988,824157988,False
2025-12-22,128.4,61.850119,5.085511,105821885659.2,105821885659.2,824157988,824157988,False
2025-12-23,125.36,60.385755,4.965107,103316445375.68,103316445375.68,824157988,824157988,False
2025-12-24,126.35,60.862637,5.004317,104132361783.8,104132361783.8,824157988,824157988,False
2025-12-25,129.62,62.437791,5.133832,106827358404.56,106827358404.56,824157988,824157988,False
2025-12-26,130.32,62.774981,5.161556,107404268996.16,107404268996.16,824157988,824157988,False
2025-12-29,127.67,61.498479,5.056598,105220250327.96,105220250327.96,824157988,824157988,False
2025-12-30,127.11,61.228728,5.034419,104758721854.68,104758721854.68,824157988,824157988,False
2025-12-31,125.5,60.453193,4.970652,103431827494.0,103431827494.0,824157988,824157988,False
2026-01-05,132.79,63.964776,5.259385,109439939226.52,109439939226.52,824157988,824157988,False
2026-01-06,133.99,64.542815,5.306913,110428928812.12,110428928812.12,824157988,824157988,False
2026-01-07,134.19,64.639155,5.314835,110593760409.72,110593760409.72,824157988,824157988,False
2026-01-08,134.02,64.557266,5.308101,110453653551.76,110453653551.76,824157988,824157988,False
2026-01-09,137.41,66.190225,5.442368,113247549131.08,113247549131.08,824157988,824157988,False
2026-01-12,141.68,68.247078,5.611489,116766703739.84,116766703739.84,824157988,824157988,False
2026-01-13,142.27,68.531281,5.634857,117252956952.76,117252956952.76,824157988,824157988,False
2026-01-14,144.88,69.788514,5.738231,119404009301.44,119404009301.44,824157988,824157988,False
2026-01-15,139.6,67.245145,5.529107,115052455124.8,115052455124.8,824157988,824157988,False
2026-01-16,136.83,65.910839,5.419397,112769537498.04,112769537498.04,824157988,824157988,False
2026-01-19,134.36,64.721043,5.321568,110733867267.68,110733867267.68,824157988,824157988,False
2026-01-20,131.93,63.550516,5.225323,108731163356.84,108731163356.84,824157988,824157988,False
2026-01-21,132.44,63.796182,5.245523,109151483930.72,109151483930.72,824157988,824157988,False
2026-01-22,132.06,63.613136,5.230472,108838303895.28,108838303895.28,824157988,824157988,False
2026-01-23,133.52,64.316417,5.288298,110041574557.76,110041574557.76,824157988,824157988,False
2026-01-26,133.95,64.523547,5.305329,110395962492.6,110395962492.6,824157988,824157988,False
2026-01-27,132.08,63.62277,5.231264,108854787055.04,108854787055.04,824157988,824157988,False
2026-01-28,128.01,61.662256,5.070065,105500464043.88,105500464043.88,824157988,824157988,False
2026-01-29,131.1,63.150706,5.19245,108047112226.8,108047112226.8,824157988,824157988,False
2026-01-30,129.3,62.283648,5.121157,106563627848.4,106563627848.4,824157988,824157988,False
2026-02-02,126.91,61.132388,5.026497,104593890257.08,104593890257.08,824157988,824157988,False
2026-02-03,127.63,61.479211,5.055014,105187284008.44,105187284008.44,824157988,824157988,False
2026-02-04,129.95,62.596752,5.146902,107099330540.6,107099330540.6,824157988,824157988,False
2026-02-05,129.41,62.336635,5.125514,106654285227.08,106654285227.08,824157988,824157988,False
2026-02-06,128.5,61.898289,5.089472,105904301458.0,105904301458.0,824157988,824157988,False
2026-02-09,128.92,62.100602,5.106107,106250447812.96,106250447812.96,824157988,824157988,False
2026-02-10,128.67,61.980178,5.096205,106044408315.96,106044408315.96,824157988,824157988,False
2026-02-11,128.51,61.903106,5.089868,105912543037.88,105912543037.88,824157988,824157988,False
2026-02-12,127.22,61.281714,5.038775,104849379233.36,104849379233.36,824157988,824157988,False
2026-02-13,126.0,60.694042,4.990455,103843906488.0,103843906488.0,824157988,824157988,False
2026-02-24,127.08,61.214277,5.03323,104733997115.04,104733997115.04,824157988,824157988,False
2026-02-25,127.45,61.392505,5.047885,105038935570.6,105038935570.6,824157988,824157988,False
2026-02-26,131.0,57.190798,5.188489,107964696428.0,107964696428.0,824157988,824157988,False
2026-02-27,130.7,57.059826,5.176607,107717449031.6,107717449031.6,824157988,824157988,False
2026-03-02,127.9,55.837428,5.065708,105409806665.2,105409806665.2,824157988,824157988,False
2026-03-03,125.82,54.92936,4.983326,103695558050.16,103695558050.16,824157988,824157988,False
2026-03-04,122.8,53.610916,4.863713,101206600926.4,101206600926.4,824157988,824157988,False
2026-03-05,120.54,52.624265,4.774202,99344003873.52,99344003873.52,824157988,824157988,False
2026-03-06,123.82,54.056218,4.904112,102047242074.16,102047242074.16,824157988,824157988,False
2026-03-09,121.8,53.174345,4.824107,100382442938.4,100382442938.4,824157988,824157988,False
2026-03-10,123.05,53.720058,4.873615,101412640423.4,101412640423.4,824157988,824157988,False
2026-03-11,123.2,53.785544,4.879556,101536264121.6,101536264121.6,824157988,824157988,False
2026-03-12,121.02,52.833819,4.793213,99739599707.76,99739599707.76,824157988,824157988,False
2026-03-13,119.28,52.074186,4.724297,98305564808.64,98305564808.64,824157988,824157988,False
2026-03-16,119.68,52.248814,4.74014,98635228003.84,98635228003.84,824157988,824157988,False
2026-03-17,119.12,52.004335,4.71796,98173699530.56,98173699530.56,824157988,824157988,False
2026-03-18,117.9,51.471718,4.66964,97168226785.2,97168226785.2,824157988,824157988,False
2026-03-19,115.73,50.524359,4.583693,95379803951.24,95379803951.24,824157988,824157988,False
2026-03-20,113.96,49.751628,4.513589,93921044312.48,93921044312.48,824157988,824157988,False
2026-03-23,111.68,48.756246,4.423286,92041964099.84,92041964099.84,824157988,824157988,False
2026-03-24,112.96,49.315057,4.473983,93096886324.48,93096886324.48,824157988,824157988,False
2026-03-25,114.12,49.82148,4.519926,94052909590.56,94052909590.56,824157988,824157988,False
2026-03-26,111.7,48.764978,4.424078,92058447259.6,92058447259.6,824157988,824157988,False
2026-03-27,113.72,49.646851,4.504084,93723246395.36,93723246395.36,824157988,824157988,False
2026-03-30,112.85,49.267035,4.469626,93006228945.8,93006228945.8,824157988,824157988,False
2026-03-31,112.0,48.895949,4.43596,92305694656.0,92305694656.0,824157988,824157988,False
2026-04-01,114.71,50.079057,4.543294,94539162803.48,94539162803.48,824157988,824157988,False
2026-04-02,114.71,50.079057,4.543294,94539162803.48,94539162803.48,824157988,824157988,False
2026-04-03,111.87,48.839195,4.430811,92198554117.56,92198554117.56,824157988,824157988,False
2026-04-07,109.6,47.848179,4.340904,90327715484.8,90327715484.8,824157988,824157988,False
2026-04-08,115.38,50.371559,4.569831,95091348655.44,95091348655.44,824157988,824157988,False
2026-04-09,112.79,49.24084,4.467249,92956779466.52,92956779466.52,824157988,824157988,False
2026-04-10,114.0,49.769091,4.515174,93954010632.0,93954010632.0,824157988,824157988,False
2026-04-13,112.97,49.319423,4.474379,93105127904.36,93105127904.36,824157988,824157988,False
2026-04-14,114.7,50.074691,4.542898,94530921223.6,94530921223.6,824157988,824157988,False
2026-04-15,114.0,49.769091,4.515174,93954010632.0,93954010632.0,824157988,824157988,False
2026-04-16,114.51,49.991742,4.535373,94374331205.88,94374331205.88,824157988,824157988,False
2026-04-17,112.98,49.323789,4.474775,93113369484.24,93113369484.24,824157988,824157988,False
2026-04-20,114.85,50.140176,4.548839,94654544921.8,94654544921.8,824157988,824157988,False
2026-04-21,116.88,51.026416,4.629241,96327585637.44,96327585637.44,824157988,824157988,False
2026-04-22,116.36,50.799399,4.608646,95899023483.68,95899023483.68,824157988,824157988,False
2026-04-23,116.66,50.93037,4.620528,96146270880.08,96146270880.08,824157988,824157988,False
2026-04-24,114.98,50.196931,4.553988,94761685460.24,94761685460.24,824157988,824157988,False
2026-04-27,115.0,50.2057,4.3899,94778168620.0,94778168620.0,824157988,824157988,False
2026-04-28,112.35,49.0487,4.2887,92594149952.0,92594149952.0,824157988,824157988,False
2026-04-29,112.47,48.835,4.2206,92693048910.0,92693048910.0,824157988,824157988,False
2026-04-30,109.95,47.7408,4.1261,90616170781.0,90616170781.0,824157988,824157988,False
2026-05-06,109.99,47.7581,4.1276,90649137100.0,90649137100.0,824157988,824157988,False
2026-05-07,111.25,48.3052,4.1748,91687576165.0,91687576165.0,824157988,824157988,False
2026-05-08,115.94,50.3417,4.3508,95552877129.0,95552877129.0,824157988,824157988,False
2026-05-11,116.56,50.6109,4.3741,96063855081.0,96063855081.0,824157988,824157988,False
2026-05-12,114.52,49.7251,4.2976,94382572786.0,94382572786.0,824157988,824157988,False
2026-05-13,114.51,49.7207,4.2972,94374331206.0,94374331206.0,824157988,824157988,False
2026-05-14,111.97,48.6179,4.2019,92280969916.0,92280969916.0,824157988,824157988,False
2026-05-15,111.95,48.6092,4.2011,92264486757.0,92264486757.0,824157988,824157988,False
2026-05-18,109.7,47.6322,4.1167,90410131284.0,90410131284.0,824157988,824157988,False
2026-05-19,113.01,49.0694,4.2409,93138094224.0,93138094224.0,824157988,824157988,False
2026-05-20,112.0,48.6309,4.203,92305694656.0,92305694656.0,824157988,824157988,False
2026-05-21,123.3,53.5374,4.627,101618679920.0,101618679920.0,824157988,824157988,False
2026-05-22,116.01,50.372,4.3535,95610568188.0,95610568188.0,824157988,824157988,False
2026-05-25,116.88,50.7498,4.3861,96327585637.0,96327585637.0,824157988,824157988,False
2026-05-26,117.8,51.1493,4.4206,97085810986.0,97085810986.0,824157988,824157988,False
2026-05-27,121.91,52.9339,4.5749,100473100317.0,100473100317.0,824157988,824157988,False
2026-05-28,122.16,53.0424,4.5843,100679139814.0,100679139814.0,824157988,824157988,False
2026-05-29,120.3,52.2348,4.5145,99146205956.0,99146205956.0,824157988,824157988,False
2026-06-01,117.35,50.9539,4.4038,96714939892.0,96714939892.0,824157988,824157988,False
2026-06-02,118.22,51.3316,4.4364,97431957341.0,97431957341.0,824157988,824157988,False
2026-06-03,114.32,49.6382,4.2901,94217741188.0,94217741188.0,824157988,824157988,False
2026-06-04,111.58,48.4485,4.1872,91959548301.0,91959548301.0,824157988,824157988,False
2026-06-05,112.98,49.0564,4.2398,93113369484.0,93113369484.0,824157988,824157988,False
2026-06-08,114.7,49.8032,4.3043,94530921224.0,94530921224.0,824157988,824157988,False
2026-06-09,112.74,48.9522,4.2308,92915571567.0,92915571567.0,824157988,824157988,False
2026-06-10,110.6,48.023,4.1505,91151873473.0,91151873473.0,824157988,824157988,False
2026-06-11,112.22,48.7264,4.2112,92487009413.0,92487009413.0,824157988,824157988,False
2026-06-12,114.02,49.508,4.2788,93970493792.0,93970493792.0,824157988,824157988,False
2026-06-15,113.26,49.178,4.2503,93344135080.0,93344135080.0,824157988,824157988,False
2026-06-16,111.0,48.1967,4.1655,91481538000.0,91481538000.0,824157988,824157988,False
2026-06-17,110.07,47.7929,4.1306,90715071060.0,90715071060.0,824157988,824157988,False
2026-06-18,103.48,44.9315,3.8833,85283869840.0,85283869840.0,824157988,824157988,False
2026-06-22,104.19,45.2398,3.9099,85869022020.0,85869022020.0,824157988,824157988,False
2026-06-23,102.52,44.5146,3.8472,84492678160.0,84492678160.0,824157988,824157988,False
2026-06-24,102.33,44.43,3.84,84336000000.0,84336000000.0,824157988,824157988,False
2026-06-25,101.5,44.07,3.81,83652000000.0,83652000000.0,824157988,824157988,False
2026-06-26,98.23,42.65,3.69,80957000000.0,80957000000.0,824157988,824157988,False
2026-06-29,102.03,44.3,3.83,84089000000.0,84089000000.0,824157988,824157988,False
2026-06-30,101.23,43.95,3.8,83430000000.0,83430000000.0,824157988,824157988,False
2026-07-01,103.88,45.11,3.9,85614000000.0,85614000000.0,824157988,824157988,False
2026-07-02,103.88,45.11,3.9,85614000000.0,85614000000.0,824157988,824157988,False
2026-07-03,104.93,45.56,3.94,86479000000.0,86479000000.0,824157988,824157988,False
2026-07-06,106.75,46.35,4.01,87979000000.0,87979000000.0,824157988,824157988,False
2026-07-07,103.8,45.07,3.9,85548000000.0,85548000000.0,824157988,824157988,False
2026-07-08,104.97,45.58,3.94,86512000000.0,86512000000.0,824157988,824157988,False
2026-07-09,108.14,46.95,4.06,89124000000.0,89124000000.0,824157988,824157988,False
2026-07-10,109.0,47.33,4.09,89833000000.0,89833000000.0,824157988,824157988,False
2026-07-13,108.39,47.06,4.07,89330000000.0,89330000000.0,824157988,824157988,False
2026-07-14,110.21,47.85,4.14,90830000000.0,90830000000.0,824157988,824157988,False
2026-07-15,109.0,47.33,4.09,89833000000.0,89833000000.0,824157988,824157988,False
2026-07-16,111.72,48.51,4.19,92075000000.0,92075000000.0,824157988,824157988,False
2026-07-17,110.37,47.92,4.14,90962000000.0,90962000000.0,824157988,824157988,False
2026-07-20,118.0,51.24,4.46,97251000000.0,97251000000.0,824157988,824157988,False
2026-07-21,114.52,49.73,4.33,94383000000.0,94383000000.0,824157988,824157988,False
2026-07-22,113.84,49.43,4.3,93822000000.0,93822000000.0,824157988,824157988,False
2026-07-23,113.85,49.43,4.3,93830000000.0,93830000000.0,824157988,824157988,False
2026-07-24,109.77,47.66,4.15,90468000000.0,90468000000.0,824157988,824157988,False
2026-07-27,110.45,47.96,4.17,91028000000.0,91028000000.0,824157988,824157988,False
2026-07-28,110.98,48.19,4.19,91465000000.0,91465000000.0,824157988,824157988,False
2026-07-29,113.98,49.49,4.31,93938000000.0,93938000000.0,824157988,824157988,False
2026-07-30,116.5,50.58,4.4,96014000000.0,96014000000.0,824157988,824157988,False
2026-07-31,115.52,50.16,4.36,95207000000.0,95207000000.0,824157988,824157988,False
2026-08-03,116.45,50.56,4.4,95973000000.0,95973000000.0,824157988,824157988,False
2026-08-04,114.42,49.68,4.32,94300000000.0,94300000000.0,824157988,824157988,False
2026-08-05,112.93,49.03,4.27,93072000000.0,93072000000.0,824157988,824157988,False
2026-08-06,111.0,48.2,4.19,91482000000.0,91482000000.0,824157988,824157988,False
2026-08-07,112.55,48.87,4.25,92759000000.0,92759000000.0,824157988,824157988,False
2026-08-10,112.7,48.93,4.26,92883000000.0,92883000000.0,824157988,824157988,False
2026-08-11,111.09,48.24,4.2,91556000000.0,91556000000.0,824157988,824157988,False
2026-08-12,110.5,47.98,4.17,91069000000.0,91069000000.0,824157988,824157988,False
2026-08-13,109.29,47.45,4.13,90072000000.0,90072000000.0,824157988,824157988,False
2026-08-14,108.4,47.07,4.1,89339000000.0,89339000000.0,824157988,824157988,False
2026-08-17,107.8,46.81,4.07,88844000000.0,88844000000.0,824157988,824157988,False
2026-08-18,109.17,47.4,4.12,89973000000.0,89973000000.0,824157988,824157988,False
2026-08-19,108.65,47.18,4.1,89545000000.0,89545000000.0,824157988,824157988,False
2026-08-20,109.99,51.26,4.12,90649000000.0,90649000000.0,824157988,824157988,False
2026-08-21,106.0,49.4,3.97,87361000000.0,87361000000.0,824157988,824157988,False
2026-08-24,105.4,49.12,3.94,86866000000.0,86866000000.0,824157988,824157988,False
2026-08-25,106.77,49.76,3.99,87995000000.0,87995000000.0,824157988,824157988,False
2026-08-26,105.8,49.31,3.96,87196000000.0,87196000000.0,824157988,824157988,False
2026-08-27,105.28,49.07,3.94,86767000000.0,86767000000.0,824157988,824157988,False
2026-08-28,105.56,49.2,3.95,86998000000.0,86998000000.0,824157988,824157988,False
