code,valid_from,valid_to,value,version,weak
000063,2023-04-22,2023-08-19,4,v1,
000063,2023-08-19,2023-10-24,3,v1,成长
000063,2023-10-24,2024-03-09,3,v1,成长
000063,2024-03-09,2024-04-26,4,v1,
000063,2024-04-26,2024-08-17,4,v1,
000063,2024-08-17,2024-10-22,4,v1,
000063,2024-10-22,2025-03-01,3,v1,成长
000063,2025-03-01,,3,v1,成长
000566,2024-04-30,2024-08-30,0,v1,"估值,现金流,质量,成长"
000566,2024-08-30,2024-10-31,1,v1,"估值,质量,成长"
000566,2024-10-31,2025-04-12,1,v1,"估值,质量,成长"
000566,2025-04-12,,0,v1,"估值,现金流,质量,成长"
000657,2024-04-26,2024-08-23,0,v1,"估值,现金流,质量,成长"
000657,2024-08-23,2024-10-26,2,v1,"质量,成长"
000657,2024-10-26,2025-04-25,1,v1,"估值,质量,成长"
000657,2025-04-25,,4,v1,
000766,2024-04-23,2024-08-21,1,v1,"估值,现金流,成长"
000766,2024-08-21,2024-10-21,2,v1,"估值,成长"
000766,2024-10-21,2025-04-18,3,v1,估值
000766,2025-04-18,,2,v1,"估值,成长"
000848,2024-04-17,2024-08-28,4,v1,
000848,2024-08-28,2024-10-29,2,v1,"现金流,成长"
000848,2024-10-29,2025-04-24,3,v1,成长
000848,2025-04-24,,4,v1,
000858,2024-04-29,2024-08-29,4,v1,
000858,2024-08-29,2024-10-31,4,v1,
000858,2024-10-31,2025-04-26,4,v1,
000858,2025-04-26,,3,v1,成长
000930,2024-04-25,2024-08-24,1,v1,"估值,现金流,质量"
000930,2024-08-24,2024-10-26,2,v1,"估值,质量"
000930,2024-10-26,2025-04-26,1,v1,"估值,质量,成长"
000930,2025-04-26,,1,v1,"估值,质量,成长"
000938,2024-04-30,2024-08-27,1,v1,"现金流,质量,成长"
000938,2024-08-27,2024-10-31,1,v1,"现金流,质量,成长"
000938,2024-10-31,2025-04-29,1,v1,"估值,质量,成长"
000938,2025-04-29,,0,v1,"估值,现金流,质量,成长"
000977,2024-04-30,2024-08-24,1,v1,"估值,现金流,质量"
000977,2024-08-24,2024-10-31,2,v1,"现金流,质量"
000977,2024-10-31,2025-03-29,2,v1,"现金流,质量"
000977,2025-03-29,,1,v1,"估值,质量,成长"
002131,2024-04-29,2024-08-29,1,v1,"现金流,质量,成长"
002131,2024-08-29,2024-10-31,1,v1,"估值,质量,成长"
002131,2024-10-31,2025-04-29,1,v1,"估值,现金流,质量"
002131,2025-04-29,,2,v1,"估值,质量"
002151,2024-04-25,2024-08-22,1,v1,"估值,质量,成长"
002151,2024-08-22,2024-10-25,0,v1,"估值,现金流,质量,成长"
002151,2024-10-25,2025-03-27,1,v1,"估值,质量,成长"
002151,2025-03-27,,0,v1,"估值,现金流,质量,成长"
002156,2024-04-27,2024-08-29,2,v1,"估值,质量"
002156,2024-08-29,2024-10-30,2,v1,"估值,质量"
002156,2024-10-30,2025-04-12,2,v1,"估值,质量"
002156,2025-04-12,,1,v1,"估值,质量,成长"
002174,2024-04-29,2024-08-29,2,v1,"估值,成长"
002174,2024-08-29,2024-10-30,0,v1,"估值,现金流,质量,成长"
002174,2024-10-30,2025-04-26,2,v1,"估值,成长"
002174,2025-04-26,,1,v1,"估值,质量,成长"
002281,2024-04-26,2024-08-24,1,v1,"估值,现金流,成长"
002281,2024-08-24,2024-10-30,2,v1,"估值,成长"
002281,2024-10-30,2025-04-24,2,v1,"估值,现金流"
002281,2025-04-24,,2,v1,"估值,成长"
002300,2024-04-27,2024-08-28,1,v1,"现金流,质量,成长"
002300,2024-08-28,2024-10-30,1,v1,"现金流,质量,成长"
002300,2024-10-30,2025-04-17,1,v1,"估值,质量,成长"
002300,2025-04-17,,0,v1,"估值,现金流,质量,成长"
002309,2024-04-30,2024-08-21,1,v1,"估值,质量,成长"
002309,2024-08-21,2024-10-29,0,v1,"估值,现金流,质量,成长"
002309,2024-10-29,2025-04-22,0,v1,"估值,现金流,质量,成长"
002309,2025-04-22,,1,v1,"估值,质量,成长"
002378,2024-04-30,2024-08-27,0,v1,"估值,现金流,质量,成长"
002378,2024-08-27,2024-10-29,2,v1,"估值,质量"
002378,2024-10-29,2025-04-22,2,v1,"估值,质量"
002378,2025-04-22,,1,v1,"估值,质量,成长"
002396,2024-04-26,2024-08-23,3,v1,成长
002396,2024-08-23,2024-10-25,4,v1,
002396,2024-10-25,2025-04-03,4,v1,
002396,2025-04-03,,4,v1,
002428,2024-04-30,2024-08-28,1,v1,"估值,质量,成长"
002428,2024-08-28,2024-10-28,1,v1,"估值,质量,成长"
002428,2024-10-28,2025-03-28,2,v1,"估值,成长"
002428,2025-03-28,,2,v1,"估值,现金流"
002432,2024-04-29,2024-08-30,3,v1,成长
002432,2024-08-30,2024-10-31,3,v1,成长
002432,2024-10-31,2025-04-29,4,v1,
002432,2025-04-29,,3,v1,成长
002436,2024-04-25,2024-08-28,0,v1,"估值,现金流,质量,成长"
002436,2024-08-28,2024-10-26,0,v1,"估值,现金流,质量,成长"
002436,2024-10-26,2025-04-25,1,v1,"估值,质量,成长"
002436,2025-04-25,,0,v1,"估值,现金流,质量,成长"
002465,2024-04-24,2024-08-24,2,v1,"估值,现金流"
002465,2024-08-24,2024-10-29,1,v1,"估值,现金流,成长"
002465,2024-10-29,2025-03-29,1,v1,"估值,质量,成长"
002465,2025-03-29,,0,v1,"估值,现金流,质量,成长"
002475,2024-04-25,2024-08-24,2,v1,"现金流,质量"
002475,2024-08-24,2024-10-26,3,v1,质量
002475,2024-10-26,2025-04-26,2,v1,"估值,质量"
002475,2025-04-26,,3,v1,质量
002498,2024-04-26,2024-08-31,2,v1,"现金流,质量"
002498,2024-08-31,2024-10-31,1,v1,"现金流,质量,成长"
002498,2024-10-31,2025-04-28,2,v1,"质量,成长"
002498,2025-04-28,,3,v1,质量
002624,2024-04-27,2024-08-27,2,v1,"估值,成长"
002624,2024-08-27,2024-10-31,0,v1,"估值,现金流,质量,成长"
002624,2024-10-31,2025-04-26,0,v1,"估值,现金流,质量,成长"
002624,2025-04-26,,0,v1,"估值,现金流,质量,成长"
002639,2024-04-30,2024-08-29,1,v1,"估值,现金流,成长"
002639,2024-08-29,2024-10-29,2,v1,"估值,成长"
002639,2024-10-29,2025-04-25,2,v1,"估值,成长"
002639,2025-04-25,,3,v1,估值
002735,2024-04-30,2024-08-31,1,v1,"估值,现金流,质量"
002735,2024-08-31,2024-10-26,1,v1,"估值,质量,成长"
002735,2024-10-26,2025-03-29,1,v1,"估值,质量,成长"
002735,2025-03-29,,0,v1,"估值,现金流,质量,成长"
002739,2024-04-30,2024-08-31,2,v1,"估值,现金流"
002739,2024-08-31,2024-10-31,1,v1,"现金流,质量,成长"
002739,2024-10-31,2025-04-29,1,v1,"估值,现金流,成长"
002739,2025-04-29,,0,v1,"估值,现金流,质量,成长"
002792,2024-04-26,2024-08-30,1,v1,"估值,现金流,成长"
002792,2024-08-30,2024-10-30,3,v1,估值
002792,2024-10-30,2025-04-26,2,v1,"估值,成长"
002792,2025-04-26,,0,v1,"估值,现金流,质量,成长"
002842,2024-04-25,2024-08-30,0,v1,"估值,现金流,质量,成长"
002842,2024-08-30,2024-10-31,1,v1,"估值,质量,成长"
002842,2024-10-31,2025-04-29,1,v1,"估值,质量,成长"
002842,2025-04-29,,1,v1,"估值,现金流,质量"
002918,2024-04-27,2024-08-23,2,v1,"现金流,成长"
002918,2024-08-23,2024-10-25,3,v1,成长
002918,2024-10-25,2025-04-18,2,v1,"估值,成长"
002918,2025-04-18,,2,v1,"质量,成长"
002931,2024-04-30,2024-08-31,1,v1,"估值,质量,成长"
002931,2024-08-31,2024-10-31,2,v1,"估值,成长"
002931,2024-10-31,2025-04-29,1,v1,"估值,现金流,质量"
002931,2025-04-29,,3,v1,估值
002991,2024-04-24,2024-08-03,4,v1,
002991,2024-08-03,2024-10-23,4,v1,
002991,2024-10-23,2025-04-19,4,v1,
002991,2025-04-19,,3,v1,成长
300013,2024-04-29,2024-08-23,2,v1,"估值,质量"
300013,2024-08-23,2024-10-30,1,v1,"估值,现金流,质量"
300013,2024-10-30,2025-04-16,0,v1,"估值,现金流,质量,成长"
300013,2025-04-16,,2,v1,"估值,质量"
300059,2024-04-25,2024-08-10,3,v1,成长
300059,2024-08-10,2024-10-26,2,v1,"现金流,成长"
300059,2024-10-26,2025-03-15,2,v1,"估值,成长"
300059,2025-03-15,,2,v1,"估值,现金流"
300285,2024-04-26,2024-07-31,3,v1,估值
300285,2024-07-31,2024-10-29,3,v1,估值
300285,2024-10-29,2025-04-22,3,v1,估值
300285,2025-04-22,,3,v1,成长
300293,2024-04-26,2024-08-29,0,v1,"估值,现金流,质量,成长"
300293,2024-08-29,2024-10-25,2,v1,"估值,质量"
300293,2024-10-25,2025-04-25,0,v1,"估值,现金流,质量,成长"
300293,2025-04-25,,0,v1,"估值,现金流,质量,成长"
300308,2024-04-22,2024-08-26,3,v1,估值
300308,2024-08-26,2024-10-23,3,v1,估值
300308,2024-10-23,2025-04-21,3,v1,估值
300308,2025-04-21,,4,v1,
300394,2024-04-24,2024-08-23,3,v1,估值
300394,2024-08-23,2024-10-23,3,v1,估值
300394,2024-10-23,2025-04-21,3,v1,估值
300394,2025-04-21,,3,v1,估值
300476,2024-04-19,2024-08-17,3,v1,质量
300476,2024-08-17,2024-10-29,3,v1,估值
300476,2024-10-29,2025-03-29,3,v1,估值
300476,2025-03-29,,3,v1,估值
300502,2024-04-23,2024-08-29,3,v1,估值
300502,2024-08-29,2024-10-25,2,v1,"估值,现金流"
300502,2024-10-25,2025-04-23,3,v1,估值
300502,2025-04-23,,3,v1,估值
300570,2024-04-29,2024-08-22,3,v1,估值
300570,2024-08-22,2024-10-30,3,v1,估值
300570,2024-10-30,2025-03-29,3,v1,估值
300570,2025-03-29,,3,v1,估值
300620,2024-04-24,2024-08-20,1,v1,"估值,现金流,成长"
300620,2024-08-20,2024-10-23,3,v1,估值
300620,2024-10-23,2025-03-29,3,v1,估值
300620,2025-03-29,,2,v1,"估值,成长"
301312,2024-04-24,2024-08-29,1,v1,"估值,质量,成长"
301312,2024-08-29,2024-10-26,2,v1,"估值,现金流"
301312,2024-10-26,2025-04-21,3,v1,估值
301312,2025-04-21,,2,v1,"估值,成长"
301379,2024-04-29,2024-08-30,1,v1,"现金流,质量,成长"
301379,2024-08-30,2024-10-29,4,v1,
301379,2024-10-29,2025-04-22,4,v1,
301379,2025-04-22,,4,v1,
301421,2024-04-29,2024-08-20,3,v1,估值
301421,2024-08-20,2024-10-30,2,v1,"估值,成长"
301421,2024-10-30,2025-04-25,1,v1,"估值,现金流,成长"
301421,2025-04-25,,2,v1,"估值,成长"
600010,2024-04-27,2024-08-28,1,v1,"估值,质量,成长"
600010,2024-08-28,2024-10-31,1,v1,"估值,质量,成长"
600010,2024-10-31,2025-04-19,0,v1,"估值,现金流,质量,成长"
600010,2025-04-19,,1,v1,"估值,现金流,质量"
600050,2024-04-20,2024-08-16,4,v1,
600050,2024-08-16,2024-10-23,4,v1,
600050,2024-10-23,2025-03-19,4,v1,
600050,2025-03-19,,2,v1,"现金流,质量"
600096,2024-04-13,2024-08-13,2,v1,"质量,成长"
600096,2024-08-13,2024-10-15,2,v1,"质量,成长"
600096,2024-10-15,2025-03-25,2,v1,"质量,成长"
600096,2025-03-25,,2,v1,"质量,成长"
600176,2024-04-26,2024-08-23,2,v1,"现金流,成长"
600176,2024-08-23,2024-10-25,3,v1,成长
600176,2024-10-25,2025-03-20,3,v1,成长
600176,2025-03-20,,4,v1,
600339,2024-04-27,2024-08-23,1,v1,"现金流,质量,成长"
600339,2024-08-23,2024-10-30,1,v1,"现金流,质量,成长"
600339,2024-10-30,2025-04-15,0,v1,"估值,现金流,质量,成长"
600339,2025-04-15,,2,v1,"现金流,质量"
600396,2024-04-25,2024-08-28,2,v1,"估值,成长"
600396,2024-08-28,2024-10-29,1,v1,"估值,质量,成长"
600396,2024-10-29,2025-04-25,0,v1,"估值,现金流,质量,成长"
600396,2025-04-25,,0,v1,"估值,现金流,质量,成长"
600419,2024-04-30,2024-08-23,0,v1,"估值,现金流,质量,成长"
600419,2024-08-23,2024-10-30,1,v1,"估值,质量,成长"
600419,2024-10-30,2025-04-18,2,v1,"估值,质量"
600419,2025-04-18,,2,v1,"估值,质量"
600487,2024-04-26,2024-08-29,3,v1,质量
600487,2024-08-29,2024-10-29,2,v1,"现金流,质量"
600487,2024-10-29,2025-04-25,3,v1,质量
600487,2025-04-25,,3,v1,质量
600498,2024-04-30,2024-08-24,3,v1,估值
600498,2024-08-24,2024-10-26,1,v1,"估值,质量,成长"
600498,2024-10-26,2025-04-26,1,v1,"估值,现金流,成长"
600498,2025-04-26,,1,v1,"估值,质量,成长"
600522,2024-04-26,2024-08-30,1,v1,"现金流,质量,成长"
600522,2024-08-30,2024-10-30,1,v1,"现金流,质量,成长"
600522,2024-10-30,2025-04-25,3,v1,质量
600522,2025-04-25,,3,v1,质量
600594,2024-04-19,2024-08-24,0,v1,"估值,现金流,质量,成长"
600594,2024-08-24,2024-10-26,0,v1,"估值,现金流,质量,成长"
600594,2024-10-26,2025-04-26,1,v1,"估值,质量,成长"
600594,2025-04-26,,1,v1,"估值,质量,成长"
600702,2024-04-26,2024-08-22,3,v1,成长
600702,2024-08-22,2024-10-29,2,v1,"现金流,成长"
600702,2024-10-29,2025-03-22,2,v1,"现金流,成长"
600702,2025-03-22,,2,v1,"质量,成长"
600757,2024-04-23,2024-08-23,2,v1,"现金流,成长"
600757,2024-08-23,2024-10-29,4,v1,
600757,2024-10-29,2025-04-11,3,v1,成长
600757,2025-04-11,,4,v1,
600800,2024-04-30,2024-08-28,1,v1,"估值,质量,成长"
600800,2024-08-28,2024-10-30,1,v1,"估值,现金流,质量"
600800,2024-10-30,2025-04-23,1,v1,"估值,质量,成长"
600800,2025-04-23,,1,v1,"估值,现金流,质量"
600875,2024-04-30,2024-08-30,3,v1,成长
600875,2024-08-30,2024-10-31,2,v1,"质量,成长"
600875,2024-10-31,2025-04-30,2,v1,"质量,成长"
600875,2025-04-30,,2,v1,"质量,成长"
600900,2024-04-30,2024-08-31,4,v1,
600900,2024-08-31,2024-10-31,4,v1,
600900,2024-10-31,2025-04-30,4,v1,
600900,2025-04-30,,3,v1,成长
600941,2024-04-23,2024-08-09,4,v1,
600941,2024-08-09,2024-10-22,4,v1,
600941,2024-10-22,2025-03-21,3,v1,成长
600941,2025-03-21,,4,v1,
600988,2024-04-30,2024-08-31,3,v1,估值
600988,2024-08-31,2024-10-31,3,v1,估值
600988,2024-10-31,2025-03-29,4,v1,
600988,2025-03-29,,3,v1,估值
601118,2024-04-30,2024-08-29,0,v1,"估值,现金流,质量,成长"
601118,2024-08-29,2024-10-31,1,v1,"估值,现金流,质量"
601118,2024-10-31,2025-04-26,1,v1,"估值,现金流,质量"
601118,2025-04-26,,0,v1,"估值,现金流,质量,成长"
601188,2024-04-27,2024-08-28,1,v1,"估值,现金流,成长"
601188,2024-08-28,2024-10-30,2,v1,"估值,成长"
601188,2024-10-30,2025-03-29,3,v1,估值
601188,2025-03-29,,1,v1,"估值,现金流,质量"
601577,2024-04-27,2024-08-30,2,v1,"现金流,质量"
601577,2024-08-30,2024-10-30,1,v1,"现金流,质量,成长"
601577,2024-10-30,2025-04-26,3,v1,质量
601577,2025-04-26,,2,v1,"质量,成长"
601600,2024-04-26,2024-08-29,2,v1,"质量,成长"
601600,2024-08-29,2024-10-30,2,v1,"质量,成长"
601600,2024-10-30,2025-03-27,3,v1,质量
601600,2025-03-27,,3,v1,质量
601611,2024-04-30,2024-08-29,2,v1,"现金流,质量"
601611,2024-08-29,2024-10-31,1,v1,"现金流,质量,成长"
601611,2024-10-31,2025-04-30,1,v1,"现金流,质量,成长"
601611,2025-04-30,,2,v1,"质量,成长"
601666,2024-04-26,2024-08-20,3,v1,成长
601666,2024-08-20,2024-10-26,3,v1,成长
601666,2024-10-26,2025-03-21,3,v1,成长
601666,2025-03-21,,2,v1,"现金流,成长"
601728,2024-04-24,2024-08-21,4,v1,
601728,2024-08-21,2024-10-23,4,v1,
601728,2024-10-23,2025-03-26,4,v1,
601728,2025-03-26,,4,v1,
601766,2024-04-30,2024-08-24,3,v1,成长
601766,2024-08-24,2024-10-31,2,v1,"现金流,质量"
601766,2024-10-31,2025-03-29,4,v1,
601766,2025-03-29,,3,v1,成长
601800,2024-04-30,2024-08-31,2,v1,"现金流,质量"
601800,2024-08-31,2024-10-31,1,v1,"现金流,质量,成长"
601800,2024-10-31,2025-03-28,1,v1,"现金流,质量,成长"
601800,2025-03-28,,2,v1,"质量,成长"
601869,2024-04-30,2024-08-24,3,v1,成长
601869,2024-08-24,2024-10-31,3,v1,成长
601869,2024-10-31,2025-03-29,3,v1,成长
601869,2025-03-29,,3,v1,成长
601899,2024-04-23,2024-08-24,2,v1,"质量,成长"
601899,2024-08-24,2024-10-19,4,v1,
601899,2024-10-19,2025-03-22,4,v1,
601899,2025-03-22,,4,v1,
603123,2024-04-30,2024-08-31,1,v1,"估值,质量,成长"
603123,2024-08-31,2024-10-31,1,v1,"估值,质量,成长"
603123,2024-10-31,2025-04-30,1,v1,"估值,质量,成长"
603123,2025-04-30,,1,v1,"估值,质量,成长"
603551,2024-04-24,2024-08-22,2,v1,"现金流,成长"
603551,2024-08-22,2024-10-29,3,v1,成长
603551,2024-10-29,2025-04-26,3,v1,成长
603551,2025-04-26,,3,v1,成长
603589,2024-04-30,2024-08-29,3,v1,现金流
603589,2024-08-29,2024-10-29,4,v1,
603589,2024-10-29,2025-04-29,3,v1,成长
603589,2025-04-29,,3,v1,成长
603606,2024-04-27,2024-08-16,3,v1,成长
603606,2024-08-16,2024-10-24,3,v1,估值
603606,2024-10-24,2025-03-27,2,v1,"估值,现金流"
603606,2025-03-27,,1,v1,"估值,质量,成长"
603993,2024-04-30,2024-08-24,3,v1,质量
603993,2024-08-24,2024-10-29,4,v1,
603993,2024-10-29,2025-03-22,3,v1,质量
603993,2025-03-22,,2,v1,"质量,成长"
688205,2024-04-26,2024-08-28,3,v1,估值
688205,2024-08-28,2024-10-29,2,v1,"估值,现金流"
688205,2024-10-29,2025-04-25,3,v1,估值
688205,2025-04-25,,2,v1,"估值,成长"
688256,2024-04-30,2024-08-31,1,v1,"估值,质量,成长"
688256,2024-08-31,2024-10-31,1,v1,"估值,质量,成长"
688256,2024-10-31,2025-04-19,2,v1,"估值,质量"
688256,2025-04-19,,3,v1,估值
688271,2024-04-27,2024-08-31,2,v1,"估值,现金流"
688271,2024-08-31,2024-10-31,2,v1,"估值,成长"
688271,2024-10-31,2025-04-29,1,v1,"估值,质量,成长"
688271,2025-04-29,,2,v1,"估值,成长"
