date,total_asset,cash,market_value,frozen_cash,daily_return,cum_return,max_drawdown
2025-01-03,500000.0,500000.0,0.0,0.0,0.0,0.0,0.0
2025-01-06,500000.0,500000.0,0.0,0.0,0.0,0.0,0.0
2025-01-07,500000.0,500000.0,0.0,0.0,0.0,0.0,0.0
2025-01-08,500000.0,500000.0,0.0,0.0,0.0,0.0,0.0
2025-01-09,500000.0,500000.0,0.0,0.0,0.0,0.0,0.0
2025-01-10,500000.0,500000.0,0.0,0.0,0.0,0.0,0.0
2025-01-13,500000.0,500000.0,0.0,0.0,0.0,0.0,0.0
2025-01-14,500000.0,500000.0,0.0,0.0,0.0,0.0,0.0
2025-01-15,500000.0,500000.0,0.0,0.0,0.0,0.0,0.0
2025-01-16,500000.0,500000.0,0.0,0.0,0.0,0.0,0.0
2025-01-17,500000.0,500000.0,0.0,0.0,0.0,0.0,0.0
2025-01-20,500000.0,500000.0,0.0,0.0,0.0,0.0,0.0
2025-01-21,500000.0,500000.0,0.0,0.0,0.0,0.0,0.0
2025-01-22,500000.0,500000.0,0.0,0.0,0.0,0.0,0.0
2025-01-23,500000.0,500000.0,0.0,0.0,0.0,0.0,0.0
2025-01-24,500000.0,500000.0,0.0,0.0,0.0,0.0,0.0
2025-01-27,500000.0,500000.0,0.0,0.0,0.0,0.0,0.0
2025-02-05,500000.0,500000.0,0.0,0.0,0.0,0.0,0.0
2025-02-06,500000.0,500000.0,0.0,0.0,0.0,0.0,0.0
2025-02-07,500000.0,500000.0,0.0,0.0,0.0,0.0,0.0
2025-02-10,500000.0,500000.0,0.0,0.0,0.0,0.0,0.0
2025-02-11,500000.0,500000.0,0.0,0.0,0.0,0.0,0.0
2025-02-12,500000.0,500000.0,0.0,0.0,0.0,0.0,0.0
2025-02-13,500000.0,500000.0,0.0,0.0,0.0,0.0,0.0
2025-02-14,500000.0,500000.0,0.0,0.0,0.0,0.0,0.0
2025-02-17,500000.0,500000.0,0.0,0.0,0.0,0.0,0.0
2025-02-18,500000.0,500000.0,0.0,0.0,0.0,0.0,0.0
2025-02-19,500000.0,500000.0,0.0,0.0,0.0,0.0,0.0
2025-02-20,500000.0,500000.0,0.0,0.0,0.0,0.0,0.0
2025-02-21,500000.0,500000.0,0.0,0.0,0.0,0.0,0.0
2025-02-24,500000.0,500000.0,0.0,0.0,0.0,0.0,0.0
2025-02-25,500000.0,500000.0,0.0,0.0,0.0,0.0,0.0
2025-02-26,500000.0,500000.0,0.0,0.0,0.0,0.0,0.0
2025-02-27,500000.0,500000.0,0.0,0.0,0.0,0.0,0.0
2025-02-28,500000.0,500000.0,0.0,0.0,0.0,0.0,0.0
2025-03-03,500000.0,500000.0,0.0,0.0,0.0,0.0,0.0
2025-03-04,500000.0,500000.0,0.0,0.0,0.0,0.0,0.0
2025-03-05,500000.0,500000.0,0.0,0.0,0.0,0.0,0.0
2025-03-06,500000.0,500000.0,0.0,0.0,0.0,0.0,0.0
2025-03-07,500000.0,500000.0,0.0,0.0,0.0,0.0,0.0
2025-03-10,500000.0,500000.0,0.0,0.0,0.0,0.0,0.0
2025-03-11,500000.0,500000.0,0.0,0.0,0.0,0.0,0.0
2025-03-12,500000.0,500000.0,0.0,0.0,0.0,0.0,0.0
2025-03-13,500000.0,460389.0,39611.0,39611.0,0.0,0.0,0.0
2025-03-14,500517.0,460389.0,40128.0,39611.0,0.0010339999999999794,0.0010339999999999794,0.0
2025-03-17,500132.0,106315.0,393817.0,393685.0,-0.0007692046423997123,0.000264000000000042,-0.0007699999999999374
2025-03-18,501113.0,106315.0,394798.0,393685.0,0.001961482168707507,0.0022260000000000613,0.0
2025-03-19,494464.0,106315.0,388149.0,393685.0,-0.013268464398249469,-0.01107199999999997,-0.013298000000000032
2025-03-20,488578.0,106315.0,382263.0,393685.0,-0.011903798860988912,-0.022843999999999975,-0.025070000000000037
2025-03-21,477024.0,106315.0,370709.0,393685.0,-0.023648219936223125,-0.04595199999999999,-0.048178000000000054
2025-03-24,474734.99999999994,106315.0,368419.99999999994,393685.0,-0.004798500704367159,-0.050530000000000075,-0.052756000000000136
2025-03-25,467541.0,103001.0,364540.0,396999.0,-0.015153717337040518,-0.06491800000000003,-0.06714400000000009
2025-03-26,468751.0,103001.0,365750.0,396999.0,0.0025880083244036456,-0.062498000000000054,-0.06472400000000011
2025-03-27,471391.0,92954.0,378437.0,407046.0,0.005631987985092346,-0.05721799999999999,-0.05944400000000005
2025-03-28,472634.0,92954.0,379680.0,407046.0,0.0026368768177584823,-0.054732,-0.056958000000000064
2025-03-31,467549.0,92954.0,374595.0,407046.0,-0.010758853573801241,-0.06490200000000002,-0.06712800000000008
2025-04-01,470035.0,92954.0,377081.0,407046.0,0.00531708975957601,-0.05993000000000004,-0.0621560000000001
2025-04-02,476589.00000000006,89559.0,387030.00000000006,410441.0,0.01394364249470792,-0.04682199999999992,-0.04904799999999998
2025-04-03,473511.0,89559.0,383952.0,410441.0,-0.006458394969250381,-0.05297799999999997,-0.05520400000000003
2025-04-07,434979.0,89559.0,345420.0,410441.0,-0.0813750894910572,-0.130042,-0.13226800000000005
2025-04-08,424833.0,89559.0,335274.0,410441.0,-0.023325263978261068,-0.15033399999999997,-0.15256000000000003
2025-04-09,431445.0,89559.0,341886.0,410441.0,0.015563762702049955,-0.13710999999999995,-0.13933600000000002
2025-04-10,438969.0,89559.0,349410.0,410441.0,0.017439071028752196,-0.122062,-0.12428800000000007
2025-04-11,443871.0,89559.0,354312.0,410441.0,0.011167075579368912,-0.11225799999999997,-0.11448400000000003
2025-04-14,449343.0,89559.0,359784.0,410441.0,0.012327906080820794,-0.10131400000000002,-0.10354000000000008
2025-04-15,444669.0,89559.0,355110.0,410441.0,-0.010401853372590697,-0.11066200000000004,-0.1128880000000001
2025-04-16,442731.0,89559.0,353172.0,410441.0,-0.004358297969950686,-0.11453800000000003,-0.11676400000000009
2025-04-17,441021.0,89559.0,351462.0,410441.0,-0.003862390480901534,-0.11795800000000001,-0.12018400000000007
2025-04-18,454701.0,89559.0,365142.0,410441.0,0.031018931071309597,-0.09059799999999996,-0.09282400000000002
2025-04-21,453105.0,89559.0,363546.0,410441.0,-0.003509998878383769,-0.09379000000000004,-0.0960160000000001
2025-04-22,447063.0,89559.0,357504.0,410441.0,-0.013334657529711635,-0.10587400000000002,-0.10810000000000008
2025-04-23,450939.0,89559.0,361380.0,410441.0,0.00866991900470393,-0.09812200000000004,-0.1003480000000001
2025-04-24,445239.0,89559.0,355680.0,410441.0,-0.012640290593627923,-0.10952200000000001,-0.11174800000000007
2025-04-25,445809.0,89559.0,356250.0,410441.0,0.0012802113022443162,-0.10838199999999998,-0.11060800000000004
2025-04-28,443073.0,89559.0,353514.0,410441.0,-0.006137157392515635,-0.11385400000000001,-0.11608000000000007
2025-04-29,443985.0,89559.0,354426.0,410441.0,0.0020583515583210144,-0.11202999999999996,-0.11425600000000002
2025-04-30,449343.0,86403.0,362940.0,413597.0,0.012067975269434816,-0.10131400000000002,-0.10354000000000008
2025-05-06,458657.99999999994,86403.0,372254.99999999994,413597.0,0.02073026618863527,-0.08268400000000009,-0.08491000000000015
2025-05-07,457738.0,86403.0,371335.0,413597.0,-0.0020058518547587667,-0.08452400000000004,-0.0867500000000001
2025-05-08,462108.0,462108.0,0.0,413597.0,0.009546946069585616,-0.07578399999999996,-0.07801000000000002
2025-05-09,462108.0,462108.0,0.0,413597.0,0.0,-0.07578399999999996,-0.07801000000000002
2025-05-12,462108.0,462108.0,0.0,413597.0,0.0,-0.07578399999999996,-0.07801000000000002
2025-05-13,462108.0,462108.0,0.0,413597.0,0.0,-0.07578399999999996,-0.07801000000000002
2025-05-14,462108.0,462108.0,0.0,413597.0,0.0,-0.07578399999999996,-0.07801000000000002
2025-05-15,462108.0,462108.0,0.0,413597.0,0.0,-0.07578399999999996,-0.07801000000000002
2025-05-16,462108.0,462108.0,0.0,413597.0,0.0,-0.07578399999999996,-0.07801000000000002
2025-05-19,462108.0,462108.0,0.0,413597.0,0.0,-0.07578399999999996,-0.07801000000000002
2025-05-20,462108.0,462108.0,0.0,413597.0,0.0,-0.07578399999999996,-0.07801000000000002
2025-05-21,462108.0,462108.0,0.0,413597.0,0.0,-0.07578399999999996,-0.07801000000000002
2025-05-22,462108.0,462108.0,0.0,413597.0,0.0,-0.07578399999999996,-0.07801000000000002
2025-05-23,462108.0,425112.0,36996.0,450593.0,0.0,-0.07578399999999996,-0.07801000000000002
2025-05-26,462432.0,425112.0,37320.0,450593.0,0.000701134799657277,-0.07513599999999998,-0.07736200000000004
2025-05-27,461868.0,100434.0,361434.0,775271.0,-0.0012196387793231844,-0.076264,-0.07849000000000006
2025-05-28,461632.0,100434.0,361198.0,775271.0,-0.0005109685018230836,-0.07673600000000003,-0.07896200000000009
2025-05-29,467886.0,100434.0,367452.0,775271.0,0.01354758768889508,-0.06422799999999995,-0.06645400000000001
2025-05-30,462930.0,97362.0,365568.0,778343.0,-0.010592323771175027,-0.07413999999999998,-0.07636600000000004
2025-06-03,463168.0,97362.0,365806.0,778343.0,0.000514116605102366,-0.07366399999999995,-0.07589000000000001
2025-06-04,469118.0,97362.0,371756.0,778343.0,0.012846310625949986,-0.06176400000000004,-0.0639900000000001
2025-06-05,476020.0,90998.0,385022.0,784707.0,0.014712716203599152,-0.04796,-0.050186000000000064
2025-06-06,477351.0,90998.0,386353.0,784707.0,0.0027961010041595014,-0.04529799999999995,-0.04752400000000001
2025-06-09,478924.0,90998.0,387926.0,784707.0,0.003295269099677256,-0.04215199999999997,-0.04437800000000003
2025-06-10,473963.0,90998.0,382965.0,784707.0,-0.010358637278566118,-0.052073999999999954,-0.054300000000000015
2025-06-11,474689.0,474689.0,0.0,784707.0,0.0015317651377850794,-0.050621999999999945,-0.052848000000000006
2025-06-12,474689.0,474689.0,0.0,784707.0,0.0,-0.050621999999999945,-0.052848000000000006
2025-06-13,474689.0,474689.0,0.0,784707.0,0.0,-0.050621999999999945,-0.052848000000000006
2025-06-16,474689.0,474689.0,0.0,784707.0,0.0,-0.050621999999999945,-0.052848000000000006
2025-06-17,474689.0,474689.0,0.0,784707.0,0.0,-0.050621999999999945,-0.052848000000000006
2025-06-18,474689.0,474689.0,0.0,784707.0,0.0,-0.050621999999999945,-0.052848000000000006
2025-06-19,474689.0,474689.0,0.0,784707.0,0.0,-0.050621999999999945,-0.052848000000000006
2025-06-20,474689.0,474689.0,0.0,784707.0,0.0,-0.050621999999999945,-0.052848000000000006
2025-06-23,474689.0,437777.0,36912.0,821619.0,0.0,-0.050621999999999945,-0.052848000000000006
2025-06-24,475397.0,437777.0,37620.0,821619.0,0.0014915028576605316,-0.04920599999999997,-0.05143200000000003
2025-06-25,475997.0,90612.0,385385.0,1168784.0,0.0012621030422994561,-0.04800599999999999,-0.050232000000000054
2025-06-26,473335.0,90612.0,382723.0,1168784.0,-0.005592472221463529,-0.05332999999999999,-0.05555600000000005
2025-06-27,477933.0,90612.0,387321.0,1168784.0,0.009714050302639832,-0.04413400000000001,-0.04636000000000007
2025-06-30,479143.0,90612.0,388531.0,1168784.0,0.0025317356198462093,-0.04171400000000003,-0.04394000000000009
2025-07-01,480837.0,480837.0,0.0,1168784.0,0.0035354789697439326,-0.03832599999999997,-0.04055200000000003
2025-07-02,480837.0,480837.0,0.0,1168784.0,0.0,-0.03832599999999997,-0.04055200000000003
2025-07-03,480837.0,480837.0,0.0,1168784.0,0.0,-0.03832599999999997,-0.04055200000000003
2025-07-04,480837.0,480837.0,0.0,1168784.0,0.0,-0.03832599999999997,-0.04055200000000003
2025-07-07,480837.0,480837.0,0.0,1168784.0,0.0,-0.03832599999999997,-0.04055200000000003
2025-07-08,480837.0,480837.0,0.0,1168784.0,0.0,-0.03832599999999997,-0.04055200000000003
2025-07-09,480837.0,480837.0,0.0,1168784.0,0.0,-0.03832599999999997,-0.04055200000000003
2025-07-10,480837.0,480837.0,0.0,1168784.0,0.0,-0.03832599999999997,-0.04055200000000003
2025-07-11,480837.0,480837.0,0.0,1168784.0,0.0,-0.03832599999999997,-0.04055200000000003
2025-07-14,480837.0,480837.0,0.0,1168784.0,0.0,-0.03832599999999997,-0.04055200000000003
2025-07-15,480837.0,480837.0,0.0,1168784.0,0.0,-0.03832599999999997,-0.04055200000000003
2025-07-16,480837.0,480837.0,0.0,1168784.0,0.0,-0.03832599999999997,-0.04055200000000003
2025-07-17,480837.0,480837.0,0.0,1168784.0,0.0,-0.03832599999999997,-0.04055200000000003
2025-07-18,480837.0,480837.0,0.0,1168784.0,0.0,-0.03832599999999997,-0.04055200000000003
2025-07-21,480837.0,480837.0,0.0,1168784.0,0.0,-0.03832599999999997,-0.04055200000000003
2025-07-22,480837.0,480837.0,0.0,1168784.0,0.0,-0.03832599999999997,-0.04055200000000003
2025-07-23,480837.0,480837.0,0.0,1168784.0,0.0,-0.03832599999999997,-0.04055200000000003
2025-07-24,480837.0,480837.0,0.0,1168784.0,0.0,-0.03832599999999997,-0.04055200000000003
2025-07-25,480837.0,480837.0,0.0,1168784.0,0.0,-0.03832599999999997,-0.04055200000000003
2025-07-28,480837.0,480837.0,0.0,1168784.0,0.0,-0.03832599999999997,-0.04055200000000003
2025-07-29,480837.0,480837.0,0.0,1168784.0,0.0,-0.03832599999999997,-0.04055200000000003
2025-07-30,480837.0,480837.0,0.0,1168784.0,0.0,-0.03832599999999997,-0.04055200000000003
2025-07-31,480837.0,480837.0,0.0,1168784.0,0.0,-0.03832599999999997,-0.04055200000000003
2025-08-01,480837.0,480837.0,0.0,1168784.0,0.0,-0.03832599999999997,-0.04055200000000003
2025-08-04,480837.0,480837.0,0.0,1168784.0,0.0,-0.03832599999999997,-0.04055200000000003
2025-08-05,480837.0,480837.0,0.0,1168784.0,0.0,-0.03832599999999997,-0.04055200000000003
2025-08-06,480837.0,480837.0,0.0,1168784.0,0.0,-0.03832599999999997,-0.04055200000000003
2025-08-07,480837.0,480837.0,0.0,1168784.0,0.0,-0.03832599999999997,-0.04055200000000003
2025-08-08,480837.0,480837.0,0.0,1168784.0,0.0,-0.03832599999999997,-0.04055200000000003
2025-08-11,480837.0,480837.0,0.0,1168784.0,0.0,-0.03832599999999997,-0.04055200000000003
2025-08-12,480837.0,443283.0,37554.0,1206338.0,0.0,-0.03832599999999997,-0.04055200000000003
2025-08-13,481871.0,443283.0,38588.0,1206338.0,0.002150416877237049,-0.03625800000000001,-0.038484000000000074
2025-08-14,481123.0,443283.0,37840.0,1206338.0,-0.0015522826648626253,-0.037753999999999954,-0.039980000000000016
2025-08-15,481552.0,481552.0,0.0,1206338.0,0.0008916638780520625,-0.03689600000000004,-0.0391220000000001
2025-08-18,481552.0,481552.0,0.0,1206338.0,0.0,-0.03689600000000004,-0.0391220000000001
2025-08-19,481552.0,481552.0,0.0,1206338.0,0.0,-0.03689600000000004,-0.0391220000000001
2025-08-20,481552.0,481552.0,0.0,1206338.0,0.0,-0.03689600000000004,-0.0391220000000001
2025-08-21,481552.0,481552.0,0.0,1206338.0,0.0,-0.03689600000000004,-0.0391220000000001
2025-08-22,481552.0,481552.0,0.0,1206338.0,0.0,-0.03689600000000004,-0.0391220000000001
2025-08-25,481552.0,481552.0,0.0,1206338.0,0.0,-0.03689600000000004,-0.0391220000000001
2025-08-26,481552.0,481552.0,0.0,1206338.0,0.0,-0.03689600000000004,-0.0391220000000001
2025-08-27,481552.0,481552.0,0.0,1206338.0,0.0,-0.03689600000000004,-0.0391220000000001
2025-08-28,481552.0,481552.0,0.0,1206338.0,0.0,-0.03689600000000004,-0.0391220000000001
2025-08-29,481552.0,481552.0,0.0,1206338.0,0.0,-0.03689600000000004,-0.0391220000000001
2025-09-01,481552.0,481552.0,0.0,1206338.0,0.0,-0.03689600000000004,-0.0391220000000001
2025-09-02,481552.0,481552.0,0.0,1206338.0,0.0,-0.03689600000000004,-0.0391220000000001
2025-09-03,481552.0,481552.0,0.0,1206338.0,0.0,-0.03689600000000004,-0.0391220000000001
2025-09-04,481552.0,481552.0,0.0,1206338.0,0.0,-0.03689600000000004,-0.0391220000000001
2025-09-05,481552.0,481552.0,0.0,1206338.0,0.0,-0.03689600000000004,-0.0391220000000001
2025-09-08,481552.0,481552.0,0.0,1206338.0,0.0,-0.03689600000000004,-0.0391220000000001
2025-09-09,481552.0,481552.0,0.0,1206338.0,0.0,-0.03689600000000004,-0.0391220000000001
2025-09-10,481552.0,445012.0,36540.0,1242878.0,0.0,-0.03689600000000004,-0.0391220000000001
2025-09-11,483910.0,445012.0,38898.0,1242878.0,0.00489666744193773,-0.032179999999999986,-0.03440600000000005
2025-09-12,484216.0,445012.0,39204.0,1242878.0,0.0006323489905146751,-0.03156800000000004,-0.0337940000000001
2025-09-15,483307.0,445012.0,38295.0,1242878.0,-0.0018772613874800115,-0.03338600000000003,-0.03561200000000009
2025-09-16,484414.0,445012.0,39402.0,1242878.0,0.0022904696186896167,-0.031171999999999978,-0.03339800000000004
2025-09-17,484261.0,100493.0,383768.0,1587397.0,-0.00031584553708197127,-0.031478000000000006,-0.03370400000000007
2025-09-18,485317.0,100493.0,384824.0,1587397.0,0.002180642256964793,-0.029366000000000003,-0.031592000000000064
2025-09-19,481181.0,100493.0,380688.0,1587397.0,-0.008522264828967452,-0.03763799999999995,-0.03986400000000001
2025-09-22,492005.0,100493.0,391512.0,1587397.0,0.02249465377893145,-0.01598999999999995,-0.01821600000000001
2025-09-23,478717.0,100493.0,378224.0,1587397.0,-0.02700785561122343,-0.04256599999999999,-0.044792000000000054
2025-09-24,482853.0,482853.0,0.0,1587397.0,0.008639760025234144,-0.03429400000000005,-0.03652000000000011
2025-09-25,482853.0,482853.0,0.0,1587397.0,0.0,-0.03429400000000005,-0.03652000000000011
2025-09-26,482853.0,482853.0,0.0,1587397.0,0.0,-0.03429400000000005,-0.03652000000000011
2025-09-29,482853.0,482853.0,0.0,1587397.0,0.0,-0.03429400000000005,-0.03652000000000011
2025-09-30,482853.0,482853.0,0.0,1587397.0,0.0,-0.03429400000000005,-0.03652000000000011
2025-10-09,482853.0,482853.0,0.0,1587397.0,0.0,-0.03429400000000005,-0.03652000000000011
2025-10-10,482853.0,482853.0,0.0,1587397.0,0.0,-0.03429400000000005,-0.03652000000000011
2025-10-13,482853.0,482853.0,0.0,1587397.0,0.0,-0.03429400000000005,-0.03652000000000011
2025-10-14,482853.0,482853.0,0.0,1587397.0,0.0,-0.03429400000000005,-0.03652000000000011
2025-10-15,482853.0,482853.0,0.0,1587397.0,0.0,-0.03429400000000005,-0.03652000000000011
2025-10-16,482853.0,482853.0,0.0,1587397.0,0.0,-0.03429400000000005,-0.03652000000000011
2025-10-17,482853.0,482853.0,0.0,1587397.0,0.0,-0.03429400000000005,-0.03652000000000011
2025-10-20,482853.0,482853.0,0.0,1587397.0,0.0,-0.03429400000000005,-0.03652000000000011
2025-10-21,482853.0,482853.0,0.0,1587397.0,0.0,-0.03429400000000005,-0.03652000000000011
2025-10-22,482853.0,482853.0,0.0,1587397.0,0.0,-0.03429400000000005,-0.03652000000000011
2025-10-23,482853.0,482853.0,0.0,1587397.0,0.0,-0.03429400000000005,-0.03652000000000011
2025-10-24,482853.0,482853.0,0.0,1587397.0,0.0,-0.03429400000000005,-0.03652000000000011
2025-10-27,482853.0,482853.0,0.0,1587397.0,0.0,-0.03429400000000005,-0.03652000000000011
2025-10-28,482853.0,482853.0,0.0,1587397.0,0.0,-0.03429400000000005,-0.03652000000000011
2025-10-29,482853.0,482853.0,0.0,1587397.0,0.0,-0.03429400000000005,-0.03652000000000011
2025-10-30,482853.0,482853.0,0.0,1587397.0,0.0,-0.03429400000000005,-0.03652000000000011
2025-10-31,482853.0,444198.0,38655.0,1626052.0,0.0,-0.03429400000000005,-0.03652000000000011
2025-11-03,482250.0,444198.0,38052.0,1626052.0,-0.0012488272828375946,-0.035499999999999976,-0.03772600000000004
2025-11-04,481314.0,444198.0,37116.0,1626052.0,-0.0019409020217729944,-0.03737199999999996,-0.03959800000000002
2025-11-05,480747.0,99013.0,381734.0,1971237.0,-0.0011780251561350763,-0.03850600000000004,-0.0407320000000001
2025-11-06,494753.0,99013.0,395740.0,1971237.0,0.02913382714816737,-0.010494000000000003,-0.012720000000000065
2025-11-07,486574.99999999994,99013.0,387561.99999999994,1971237.0,-0.016529460154865228,-0.02685000000000015,-0.029076000000000213
2025-11-10,490147.0,99013.0,391134.0,1971237.0,0.00734110877048777,-0.019706,-0.021932000000000063
2025-11-11,478961.0,99013.0,379948.0,1971237.0,-0.02282172491109813,-0.04207799999999995,-0.04430400000000001
2025-11-12,468057.0,99013.0,369044.0,1971237.0,-0.022765945452761338,-0.063886,-0.06611200000000006
2025-11-13,473791.0,99013.0,374778.0,1971237.0,0.012250644686437662,-0.052417999999999965,-0.054644000000000026
2025-11-14,468339.0,99013.0,369326.0,1971237.0,-0.011507183547175837,-0.06332199999999999,-0.06554800000000005
2025-11-17,463169.0,99013.0,364156.0,1971237.0,-0.01103901233935245,-0.073662,-0.07588800000000007
2025-11-18,465424.99999999994,99013.0,366411.99999999994,1971237.0,0.004870792302593463,-0.06915000000000016,-0.07137600000000022
2025-11-19,463921.0,95131.0,368790.0,1975119.0,-0.003231455121662896,-0.07215800000000006,-0.07438400000000012
2025-11-20,463065.99999999994,95131.0,367934.99999999994,1975119.0,-0.001842986198081209,-0.07386800000000016,-0.07609400000000022
2025-11-21,452521.0,95131.0,357390.0,1975119.0,-0.022772131834338794,-0.09495799999999999,-0.09718400000000005
2025-11-24,457936.0,95131.0,362805.0,1975119.0,0.011966295486839362,-0.08412799999999998,-0.08635400000000004
2025-11-25,469336.0,87253.0,382083.0,1982997.0,0.02489430837496953,-0.06132800000000005,-0.06355400000000011
2025-11-26,479908.99999999994,87253.0,392655.99999999994,1982997.0,0.022527570866074598,-0.04018200000000016,-0.04240800000000022
2025-11-27,492713.0,87253.0,405460.0,1982997.0,0.026680058094347148,-0.014573999999999976,-0.016800000000000037
2025-11-28,490676.00000000006,87253.0,403423.00000000006,1982997.0,-0.0041342525973536715,-0.018647999999999887,-0.020873999999999948
2025-12-01,531028.0,87253.0,443775.0,1982997.0,0.08223756613325284,0.06205599999999989,0.0
2025-12-02,523365.0,87253.0,436112.0,1982997.0,-0.0144305008398804,0.04672999999999994,-0.01532599999999995
2025-12-03,502316.0,502316.0,0.0,1982997.0,-0.040218585499603554,0.0046319999999999695,-0.05742399999999992
2025-12-04,502316.0,502316.0,0.0,1982997.0,0.0,0.0046319999999999695,-0.05742399999999992
2025-12-05,502316.0,502316.0,0.0,1982997.0,0.0,0.0046319999999999695,-0.05742399999999992
2025-12-08,502316.0,502316.0,0.0,1982997.0,0.0,0.0046319999999999695,-0.05742399999999992
2025-12-09,502316.0,502316.0,0.0,1982997.0,0.0,0.0046319999999999695,-0.05742399999999992
2025-12-10,502316.0,502316.0,0.0,1982997.0,0.0,0.0046319999999999695,-0.05742399999999992
2025-12-11,502316.0,502316.0,0.0,1982997.0,0.0,0.0046319999999999695,-0.05742399999999992
2025-12-12,502316.0,502316.0,0.0,1982997.0,0.0,0.0046319999999999695,-0.05742399999999992
2025-12-15,502316.0,462276.0,40040.0,2023037.0,0.0,0.0046319999999999695,-0.05742399999999992
2025-12-16,501161.0,462276.0,38885.0,2023037.0,-0.002299349413516616,0.0023219999999999352,-0.059733999999999954
2025-12-17,502448.0,462276.0,40172.0,2023037.0,0.0025680370180440892,0.0048960000000000115,-0.05715999999999988
2025-12-18,501975.0,101375.99999999994,400599.00000000006,2383937.0,-0.0009413909499091933,0.003949999999999898,-0.05810599999999999
2025-12-19,507525.0,101375.99999999994,406149.00000000006,2383937.0,0.011056327506349994,0.015050000000000008,-0.04700599999999988
2025-12-22,511298.99999999994,101375.99999999994,409923.0,2383937.0,0.007436086892271154,0.022597999999999896,-0.03945799999999999
2025-12-23,509300.99999999994,101375.99999999994,407925.0,2383937.0,-0.003907693932513112,0.018601999999999785,-0.043454000000000104
2025-12-24,521177.99999999994,101375.99999999994,419802.0,2383937.0,0.023320197682706212,0.04235599999999984,-0.01970000000000005
2025-12-25,519401.9999999999,101375.99999999994,418025.99999999994,2383937.0,-0.003407664943646971,0.03880399999999984,-0.02325200000000005
2025-12-26,517071.0,101375.99999999994,415695.00000000006,2383937.0,-0.004487853339032011,0.034141999999999895,-0.027913999999999994
2025-12-29,512519.99999999994,101375.99999999994,411144.0,2383937.0,-0.008801499213841102,0.02503999999999995,-0.03701599999999994
2025-12-30,510188.99999999994,101375.99999999994,408813.0,2383937.0,-0.004548115195504576,0.020377999999999785,-0.041678000000000104
2025-12-31,516404.99999999994,101375.99999999994,415029.0,2383937.0,0.01218372015076774,0.032809999999999784,-0.029246000000000105
2026-01-05,520955.9999999999,101375.99999999994,419579.99999999994,2383937.0,0.008812850379062764,0.04191199999999973,-0.020144000000000162
2026-01-06,532167.0,97494.99999999994,434672.0,2387818.0,0.021520051597448075,0.06433399999999989,0.0
2026-01-07,528247.0,97494.99999999994,430752.0,2387818.0,-0.007366108759092493,0.056494000000000044,-0.007839999999999847
2026-01-08,540119.0,97494.99999999994,442624.00000000006,2387818.0,0.022474334922867545,0.08023800000000003,0.0
2026-01-09,542695.0,97494.99999999994,445200.0,2387818.0,0.004769319353697954,0.08539000000000008,0.0
2026-01-12,567223.0,567223.0,0.0,2387818.0,0.045196657422677644,0.13444600000000007,0.0
2026-01-13,567223.0,567223.0,0.0,2387818.0,0.0,0.13444600000000007,0.0
2026-01-14,567223.0,567223.0,0.0,2387818.0,0.0,0.13444600000000007,0.0
2026-01-15,567223.0,567223.0,0.0,2387818.0,0.0,0.13444600000000007,0.0
2026-01-16,567223.0,567223.0,0.0,2387818.0,0.0,0.13444600000000007,0.0
2026-01-19,567223.0,567223.0,0.0,2387818.0,0.0,0.13444600000000007,0.0
2026-01-20,567223.0,567223.0,0.0,2387818.0,0.0,0.13444600000000007,0.0
2026-01-21,567223.0,567223.0,0.0,2387818.0,0.0,0.13444600000000007,0.0
2026-01-22,567223.0,567223.0,0.0,2387818.0,0.0,0.13444600000000007,0.0
2026-01-23,567223.0,567223.0,0.0,2387818.0,0.0,0.13444600000000007,0.0
2026-01-26,567223.0,567223.0,0.0,2387818.0,0.0,0.13444600000000007,0.0
2026-01-27,567223.0,567223.0,0.0,2387818.0,0.0,0.13444600000000007,0.0
2026-01-28,567223.0,567223.0,0.0,2387818.0,0.0,0.13444600000000007,0.0
2026-01-29,567223.0,567223.0,0.0,2387818.0,0.0,0.13444600000000007,0.0
2026-01-30,567223.0,567223.0,0.0,2387818.0,0.0,0.13444600000000007,0.0
2026-02-02,567223.0,567223.0,0.0,2387818.0,0.0,0.13444600000000007,0.0
2026-02-03,567223.0,567223.0,0.0,2387818.0,0.0,0.13444600000000007,0.0
2026-02-04,567223.0,567223.0,0.0,2387818.0,0.0,0.13444600000000007,0.0
2026-02-05,567223.0,523855.0,43368.0,2431186.0,0.0,0.13444600000000007,0.0
2026-02-06,566911.0,523855.0,43056.0,2431186.0,-0.0005500482173678156,0.1338220000000001,-0.0006239999999999579
2026-02-09,568051.0,111359.0,456692.0,2843682.0,0.0020108976541290957,0.13610199999999995,0.0
2026-02-10,571895.0,111359.0,460536.0,2843682.0,0.006766998033627347,0.14379000000000008,0.0
2026-02-11,569043.0,111359.0,457683.99999999994,2843682.0,-0.004986929418861807,0.13808599999999993,-0.005704000000000153
2026-02-12,571275.0,111359.0,459916.00000000006,2843682.0,0.003922374934758777,0.14254999999999995,-0.0012400000000001299
2026-02-13,566687.0,111359.0,455328.0,2843682.0,-0.008031158373812963,0.1333740000000001,-0.01041599999999998
2026-02-24,574127.0,111359.0,462768.0,2843682.0,0.013128940667423095,0.1482540000000001,0.0
2026-02-25,576483.0,111359.0,465124.0,2843682.0,0.004103621672556734,0.15296599999999994,0.0
2026-02-26,583923.0,111359.0,472564.0,2843682.0,0.012905844578244174,0.16784599999999994,0.0
2026-02-27,584915.0,111359.0,473556.0,2843682.0,0.0016988541297398019,0.16982999999999993,0.0
2026-03-02,574995.0,111359.0,463636.0,2843682.0,-0.01695972919142097,0.14999000000000007,-0.019839999999999858
2026-03-03,561603.0,111359.0,450244.0,2843682.0,-0.023290637309889672,0.12320599999999993,-0.046624
2026-03-04,564331.0,111359.0,452972.0,2843682.0,0.004857523909238326,0.12866200000000005,-0.04116799999999987
2026-03-05,575491.0,111359.0,464132.0,2843682.0,0.019775628133134715,0.15098199999999995,-0.018847999999999976
2026-03-06,569663.0,111359.0,458304.0,2843682.0,-0.010127004592600075,0.13932600000000006,-0.030503999999999865
2026-03-09,548831.0,111359.0,437472.0,2843682.0,-0.036568989033867405,0.09766199999999992,-0.07216800000000001
2026-03-10,563091.0,111359.0,451732.0,2843682.0,0.02598249734435565,0.12618200000000002,-0.04364799999999991
2026-03-11,566191.0,111359.0,454832.0,2843682.0,0.005505326847703218,0.132382,-0.037447999999999926
2026-03-12,566191.0,111359.0,454832.0,2843682.0,0.0,0.132382,-0.037447999999999926
2026-03-13,558131.0,111359.0,446772.0,2843682.0,-0.014235478840179394,0.11626200000000009,-0.05356799999999984
2026-03-16,558627.0,111359.0,447268.0,2843682.0,0.0008886802560688079,0.11725399999999997,-0.052575999999999956
2026-03-17,550443.0,111359.0,439083.99999999994,2843682.0,-0.014650204877315276,0.10088600000000003,-0.0689439999999999
2026-03-18,555527.0,111359.0,444168.0,2843682.0,0.009236197026758486,0.11105399999999999,-0.05877599999999994
2026-03-19,544491.0,111359.0,433132.0,2843682.0,-0.019865821103204673,0.0889819999999999,-0.08084800000000003
2026-03-20,531223.0,111359.0,419864.0,2843682.0,-0.024367712230321525,0.062446,-0.10738399999999992
2026-03-23,504067.0,111359.0,392708.0,2843682.0,-0.05111977455795402,0.008134000000000086,-0.16169599999999984
2026-03-24,514731.0,111359.0,403372.0,2843682.0,0.021155917764900334,0.0294620000000001,-0.14036799999999983
2026-03-25,521178.99999999994,101444.0,419734.99999999994,2853597.0,0.012526931542883535,0.042357999999999896,-0.12747200000000003
2026-03-26,511527.0,101444.0,410083.0,2853597.0,-0.018519548945755582,0.023053999999999908,-0.14677600000000002
2026-03-27,511527.0,101444.0,410083.0,2853597.0,0.0,0.023053999999999908,-0.14677600000000002
2026-03-30,510384.00000000006,101444.0,408940.00000000006,2853597.0,-0.002234486156155846,0.02076800000000012,-0.1490619999999998
2026-03-31,508606.0,101444.0,407162.0,2853597.0,-0.003483651525126308,0.017212000000000005,-0.15261799999999992
2026-04-01,515464.0,101444.0,414020.0,2853597.0,0.013483914857473245,0.030928000000000067,-0.13890199999999986
2026-04-02,503653.0,101444.0,402209.0,2853597.0,-0.022913336333866163,0.007306000000000035,-0.1625239999999999
2026-04-03,504034.0,101444.0,402590.0,2853597.0,0.0007564732067515401,0.008067999999999964,-0.16176199999999996
2026-04-07,507336.0,101444.0,405892.0,2853597.0,0.006551145359241728,0.014672000000000018,-0.1551579999999999
2026-04-08,528672.0,101444.0,427228.0,2853597.0,0.04205496948767684,0.05734400000000006,-0.11248599999999986
2026-04-09,547722.0,101444.0,446278.0,2853597.0,0.03603368440167065,0.09544400000000008,-0.07438599999999984
2026-04-10,550643.0,101444.0,449198.99999999994,2853597.0,0.005332997396489514,0.10128599999999999,-0.06854399999999994
2026-04-13,549754.0,101444.0,448309.99999999994,2853597.0,-0.001614476166953871,0.09950799999999993,-0.070322
2026-04-14,551151.0,551151.0,0.0,2853597.0,0.0025411365810890096,0.10230199999999989,-0.06752800000000003
2026-04-15,551151.0,551151.0,0.0,2853597.0,0.0,0.10230199999999989,-0.06752800000000003
2026-04-16,551151.0,551151.0,0.0,2853597.0,0.0,0.10230199999999989,-0.06752800000000003
2026-04-17,551151.0,551151.0,0.0,2853597.0,0.0,0.10230199999999989,-0.06752800000000003
2026-04-20,551151.0,551151.0,0.0,2853597.0,0.0,0.10230199999999989,-0.06752800000000003
2026-04-21,551151.0,551151.0,0.0,2853597.0,0.0,0.10230199999999989,-0.06752800000000003
2026-04-22,551151.0,551151.0,0.0,2853597.0,0.0,0.10230199999999989,-0.06752800000000003
2026-04-23,551151.0,551151.0,0.0,2853597.0,0.0,0.10230199999999989,-0.06752800000000003
2026-04-24,551151.0,551151.0,0.0,2853597.0,0.0,0.10230199999999989,-0.06752800000000003
2026-04-27,551151.0,551151.0,0.0,2853597.0,0.0,0.10230199999999989,-0.06752800000000003
2026-04-28,551151.0,551151.0,0.0,2853597.0,0.0,0.10230199999999989,-0.06752800000000003
2026-04-29,551151.0,551151.0,0.0,2853597.0,0.0,0.10230199999999989,-0.06752800000000003
2026-04-30,551151.0,551151.0,0.0,2853597.0,0.0,0.10230199999999989,-0.06752800000000003
2026-05-06,551151.0,551151.0,0.0,2853597.0,0.0,0.10230199999999989,-0.06752800000000003
2026-05-07,551151.0,551151.0,0.0,2853597.0,0.0,0.10230199999999989,-0.06752800000000003
2026-05-08,551151.0,551151.0,0.0,2853597.0,0.0,0.10230199999999989,-0.06752800000000003
2026-05-11,551151.0,551151.0,0.0,2853597.0,0.0,0.10230199999999989,-0.06752800000000003
2026-05-12,551151.0,551151.0,0.0,2853597.0,0.0,0.10230199999999989,-0.06752800000000003
2026-05-13,551151.0,551151.0,0.0,2853597.0,0.0,0.10230199999999989,-0.06752800000000003
2026-05-14,551151.0,551151.0,0.0,2853597.0,0.0,0.10230199999999989,-0.06752800000000003
2026-05-15,551151.0,551151.0,0.0,2853597.0,0.0,0.10230199999999989,-0.06752800000000003
2026-05-18,551151.0,551151.0,0.0,2853597.0,0.0,0.10230199999999989,-0.06752800000000003
2026-05-19,551151.0,551151.0,0.0,2853597.0,0.0,0.10230199999999989,-0.06752800000000003
2026-05-20,551151.0,551151.0,0.0,2853597.0,0.0,0.10230199999999989,-0.06752800000000003
2026-05-21,551151.0,551151.0,0.0,2853597.0,0.0,0.10230199999999989,-0.06752800000000003
2026-05-22,551151.0,551151.0,0.0,2853597.0,0.0,0.10230199999999989,-0.06752800000000003
2026-05-25,551151.0,508143.0,43008.00000000001,2896605.0,0.0,0.10230199999999989,-0.06752800000000003
2026-05-26,550287.0,508143.0,42144.0,2896605.0,-0.0015676284720521627,0.10057399999999994,-0.06925599999999998
2026-05-27,549435.0,508143.0,41291.99999999999,2896605.0,-0.0015482829868777026,0.09887000000000001,-0.07095999999999991
2026-05-28,553563.0,508143.0,45420.0,2896605.0,0.00751317262278528,0.10712600000000005,-0.06270399999999987
2026-05-29,551691.0,130727.0,420964.0,3274021.0,-0.0033817289089046465,0.10338200000000008,-0.06644799999999984
2026-06-01,533015.0,130727.0,402288.0,3274021.0,-0.033852283252762905,0.06603000000000003,-0.10379999999999989
2026-06-02,546819.0,130727.0,416091.99999999994,3274021.0,0.025897957843587838,0.09363800000000011,-0.07619199999999982
2026-06-03,548443.0,116323.0,432120.0,3288425.0,0.0029699041181816543,0.09688600000000003,-0.0729439999999999
2026-06-04,563803.0,116323.0,447480.0,3288425.0,0.0280065567433625,0.1276060000000001,-0.04222399999999982
2026-06-05,580363.0,116323.0,464040.0,3288425.0,0.029371961483000364,0.16072599999999992,-0.009104000000000001
2026-06-08,552763.0,116323.0,436439.99999999994,3288425.0,-0.04755644312266638,0.10552600000000001,-0.06430399999999992
2026-06-09,580483.0,580483.0,0.0,3288425.0,0.050148074310328195,0.16096599999999994,-0.008863999999999983
2026-06-10,580483.0,580483.0,0.0,3288425.0,0.0,0.16096599999999994,-0.008863999999999983
2026-06-11,580483.0,580483.0,0.0,3288425.0,0.0,0.16096599999999994,-0.008863999999999983
2026-06-12,580483.0,580483.0,0.0,3288425.0,0.0,0.16096599999999994,-0.008863999999999983
2026-06-15,580483.0,580483.0,0.0,3288425.0,0.0,0.16096599999999994,-0.008863999999999983
2026-06-16,580483.0,580483.0,0.0,3288425.0,0.0,0.16096599999999994,-0.008863999999999983
2026-06-17,580483.0,580483.0,0.0,3288425.0,0.0,0.16096599999999994,-0.008863999999999983
2026-06-18,580483.0,580483.0,0.0,3288425.0,0.0,0.16096599999999994,-0.008863999999999983
2026-06-22,580483.0,580483.0,0.0,3288425.0,0.0,0.16096599999999994,-0.008863999999999983
2026-06-23,580483.0,580483.0,0.0,3288425.0,0.0,0.16096599999999994,-0.008863999999999983
2026-06-24,580483.0,580483.0,0.0,3288425.0,0.0,0.16096599999999994,-0.008863999999999983
2026-06-25,580483.0,580483.0,0.0,3288425.0,0.0,0.16096599999999994,-0.008863999999999983
2026-06-26,580483.0,580483.0,0.0,3288425.0,0.0,0.16096599999999994,-0.008863999999999983
2026-06-29,580483.0,580483.0,0.0,3288425.0,0.0,0.16096599999999994,-0.008863999999999983
2026-06-30,580483.0,580483.0,0.0,3288425.0,0.0,0.16096599999999994,-0.008863999999999983
2026-07-01,580483.0,532721.0,47762.0,3336187.0,0.0,0.16096599999999994,-0.008863999999999983
2026-07-02,578091.0,532721.0,45370.0,3336187.0,-0.004120706377275463,0.15618200000000004,-0.013647999999999882
2026-07-03,579456.0,532721.0,46735.00000000001,3336187.0,0.0023612199463405315,0.15891199999999994,-0.010917999999999983
2026-07-06,579326.0,113276.0,466050.0,3755632.0,-0.0002243483543185043,0.15865200000000002,-0.01117799999999991
2026-07-07,573086.0,113276.0,459809.99999999994,3755632.0,-0.010771137494260619,0.14617199999999997,-0.023657999999999957
2026-07-08,586866.0,113276.0,473590.0,3755632.0,0.02404525673284641,0.173732,0.0
2026-07-09,631326.0,85381.0,545945.0,3783527.0,0.07575835028779987,0.2626520000000001,0.0
2026-07-10,634066.0,85381.0,548685.0,3783527.0,0.004340071531981904,0.26813200000000004,0.0
2026-07-13,627490.0,627490.0,0.0,3783527.0,-0.010371160100052679,0.25498,-0.013152000000000053
2026-07-14,627490.0,627490.0,0.0,3783527.0,0.0,0.25498,-0.013152000000000053
2026-07-15,627490.0,627490.0,0.0,3783527.0,0.0,0.25498,-0.013152000000000053
2026-07-16,627490.0,627490.0,0.0,3783527.0,0.0,0.25498,-0.013152000000000053
2026-07-17,627490.0,627490.0,0.0,3783527.0,0.0,0.25498,-0.013152000000000053
2026-07-20,627490.0,627490.0,0.0,3783527.0,0.0,0.25498,-0.013152000000000053
2026-07-21,627490.0,627490.0,0.0,3783527.0,0.0,0.25498,-0.013152000000000053
2026-07-22,627490.0,571900.0,55590.0,3839117.0,0.0,0.25498,-0.013152000000000053
2026-07-23,625135.0,571900.0,53235.0,3839117.0,-0.0037530478573363224,0.25027,-0.017862000000000045
2026-07-24,623785.0,571900.0,51885.00000000001,3839117.0,-0.002159533540755154,0.24757000000000007,-0.02056199999999997
2026-07-27,624145.0,119110.0,505035.0,4291907.0,0.0005771219250223503,0.2482899999999999,-0.019842000000000137
2026-07-28,606745.0,119110.0,487635.00000000006,4291907.0,-0.027878137291815208,0.21348999999999996,-0.05464200000000008
2026-07-29,613270.0,119110.0,494160.0,4291907.0,0.010754105925883106,0.22653999999999996,-0.04159200000000007
2026-07-30,601960.0,119110.0,482849.99999999994,4291907.0,-0.01844212174083193,0.2039200000000001,-0.06421199999999994
2026-07-31,609355.0,119110.0,490245.00000000006,4291907.0,0.012284869426540057,0.21870999999999996,-0.04942200000000008
2026-08-03,612400.0,119110.0,493290.00000000006,4291907.0,0.0049970870838838,0.2248000000000001,-0.043331999999999926
2026-08-04,617475.0,119110.0,498364.99999999994,4291907.0,0.008287067276290028,0.23495,-0.033182000000000045
2026-08-05,622840.0,115636.0,507204.0,4295381.0,0.008688610874934222,0.2456799999999999,-0.02245200000000014
2026-08-06,622256.0,115636.0,506620.00000000006,4295381.0,-0.000937640485517921,0.24451200000000006,-0.023619999999999974
2026-08-07,622256.0,115636.0,506620.00000000006,4295381.0,0.0,0.24451200000000006,-0.023619999999999974
2026-08-10,616416.0,115636.0,500779.99999999994,4295381.0,-0.009385204803167846,0.23283199999999993,-0.03530000000000011
2026-08-11,614810.0,115636.0,499173.99999999994,4295381.0,-0.0026053833774594137,0.22961999999999994,-0.0385120000000001
