code,pe,pb,gross_margin,net_margin,ocf_ratio,rev_yoy,np_yoy,inc_return,revenue,s_valuation,s_cashflow,s_quality,s_growth,total
688256,-358.9746,53.458999999999996,56.99,27.45,321.12,75.51,672.16,-0.05,989157800.17,0.46987951807228917,0.6626506024096386,0.9332941522186307,0.9578313253012047,0.7559138995004407
601577,4.5806,0.5495,,24.39,3796.79,6.84,-8.91,2.12,6465252000.0,0.8734939759036144,0.9879518072289156,0.6957831325301205,0.43373493975903615,0.7477409638554218
002432,11.6092,1.0382,66.46,53.28,1079.97,2.89,-27.21,1.52,500136825.71,0.8012048192771084,0.8554216867469879,0.9695856597120187,0.3313253012048193,0.7393843667352337
600757,13.4397,1.2527,30.85,13.72,393.06,8.04,45.89,3.58,1853426486.35,0.7710843373493976,0.7349397590361446,0.7452248016456068,0.6325301204819277,0.7209447546282691
000657,34.2799,2.1997,38.41,17.07,156.01,41.6,261.95,-0.17,4514113067.69,0.43975903614457834,0.5180722891566265,0.7938583602703497,0.9036144578313253,0.66382603585072
002931,-310.7817,4.7138,21.39,2.47,831.56,19.62,128.63,0.31,137886381.25,0.5662650602409638,0.8433734939759037,0.44269761974728183,0.7831325301204819,0.6588671760211577
601728,20.2391,1.4733,24.71,2.76,736728.51,3.84,10.64,0.46,131600901177.08,0.6325301204819278,1.0,0.49125771378195715,0.4819277108433735,0.6514288862768145
002396,29.0461,1.704,38.13,5.06,1500.2,0.34,22.07,1.82,4871629586.46,0.5481927710843373,0.9036144578313253,0.6733029679694387,0.47590361445783136,0.6502534528357332
600988,18.6964,3.6498,48.01,26.11,128.28,29.85,131.77,8.81,2802991191.79,0.42771084337349397,0.4578313253012048,0.878563032618278,0.8313253012048193,0.648857625624449
000848,15.3827,2.9651,39.83,21.91,157.79,22.69,27.02,7.24,1128068899.29,0.5180722891566265,0.5301204819277109,0.8362474287393475,0.7048192771084337,0.6473148692330297
601800,7.1739,0.604,14.0,3.98,478.27,11.53,-1.46,2.0,235307843923.0,0.8614457831325302,0.7710843373493976,0.4052306788128122,0.5481927710843373,0.6464883925947693
002131,-69.8735,1.6251,9.75,-2.33,2500.62,11.05,21.59,-0.77,5322496575.35,0.8132530120481928,0.963855421686747,0.19989714957390536,0.6024096385542168,0.6448538054657654
600176,23.9513,1.5713,28.58,22.33,88.78,22.41,145.48,2.14,4223608294.56,0.5783132530120483,0.39759036144578314,0.7751983543931825,0.8253012048192772,0.6441007934175728
600875,15.18,1.2876,11.86,2.42,2397.94,37.85,-13.48,-1.26,21845962282.95,0.7349397590361446,0.9518072289156626,0.2965030855127828,0.5903614457831325,0.6434028798119307
603589,13.9859,2.3175,74.12,20.85,204.34,9.02,-7.55,3.33,1653133586.16,0.5903614457831325,0.5542168674698795,0.9094916250367323,0.47590361445783136,0.6324933881868939
600522,17.6594,1.4019,10.79,3.83,1318.56,11.57,9.36,1.19,13739057220.08,0.6867469879518072,0.8795180722891566,0.3565971201880693,0.5843373493975903,0.6267998824566559
600487,15.9417,1.501,8.53,2.65,770.29,40.45,6.26,1.3,17584872224.57,0.6807228915662651,0.8313253012048193,0.284014105201293,0.6927710843373494,0.6222083455774317
601600,12.1469,1.8963,17.19,6.88,138.2,72.6,28.73,4.77,63287750000.0,0.6867469879518072,0.4819277108433735,0.5204966206288568,0.7951807228915662,0.621088010578901
600941,18.5334,1.9179,23.31,11.05,415.93,6.65,4.63,1.66,249301000000.0,0.6024096385542168,0.7469879518072289,0.6357625624449016,0.4879518072289156,0.6182779900088157
300013,-13.5348,-11.4995,11.88,-36.34,283.14,13.48,63.27,-223.34,114135369.81,0.9156626506024097,0.6506024096385542,0.17007052600646488,0.6987951807228916,0.60878269174258
601611,12.9248,1.357,15.19,2.4,425.32,12.41,-1.16,1.27,34612461819.54,0.7530120481927711,0.7590361445783133,0.3270643549808992,0.5662650602409638,0.6013444019982368
600498,40.3566,1.8173,18.73,4.37,1554.79,-13.71,111.58,2.07,7394992190.82,0.4879518072289156,0.9156626506024096,0.48442550690567143,0.5,0.5970099911842491
600419,136.7675,1.2577,12.15,1.88,3058.65,2.76,320.03,0.07,648568059.35,0.45783132530120485,0.9759036144578314,0.296650014692918,0.6566265060240963,0.5967528651190126
301379,22.8767,2.1044,21.5,10.89,99.02,32.26,122.59,3.27,418634371.98,0.5180722891566265,0.40963855421686746,0.6114457831325302,0.8313253012048193,0.5926204819277109
601766,18.7815,1.4711,21.65,6.6,367.69,2.9,-5.43,2.5,93873953000.0,0.6566265060240964,0.7228915662650602,0.5693505730238025,0.40963855421686746,0.5896267998824567
300308,29.9062,7.8391,35.08,22.91,111.27,77.61,67.56,7.34,6549557918.22,0.2349397590361446,0.43373493975903615,0.8056126946811637,0.8614457831325302,0.5839332941522186
603551,14.7037,3.1759,49.75,18.89,209.76,-7.64,16.11,7.84,577406427.11,0.5060240963855422,0.5662650602409639,0.8485894798707023,0.40963855421686746,0.582629297678519
002639,11849.0517,2.1463,20.95,0.58,520.05,62.93,114.77,0.19,971922676.31,0.2831325301204819,0.7831325301204819,0.38238319130179255,0.8734939759036144,0.5805355568615926
300502,43.0076,11.5651,48.19,33.89,25.16,247.97,360.49,15.39,3516395325.8,0.14457831325301207,0.27710843373493976,0.9027328827505142,0.9879518072289157,0.5780928592418455
002498,17.739,1.3858,16.21,2.61,219.71,11.52,38.27,0.6,2716986383.3,0.6867469879518072,0.5783132530120482,0.3877461063767264,0.6506024096385543,0.5758521892447841
000977,33.1734,4.0401,7.25,3.2,2279.05,78.06,-0.46,3.7,31641618495.19,0.30722891566265065,0.9397590361445783,0.28372024684102265,0.7349397590361446,0.566411989421099
300285,27.8289,2.5795,39.74,11.87,249.96,0.78,-5.26,1.91,1080397131.64,0.4457831325301205,0.6265060240963856,0.7759330002938584,0.39156626506024095,0.5599471054951514
601899,13.7097,3.0316,23.02,13.26,104.2,7.09,50.2,5.8,73243477134.0,0.536144578313253,0.42168674698795183,0.6477372906259183,0.6265060240963856,0.5580186600058772
300570,84.2152,11.6785,39.25,26.46,73.29,76.5,142.57,7.67,461943911.99,0.07228915662650603,0.3614457831325301,0.8601968851013811,0.9216867469879518,0.5539046429620923
301312,68.2334,3.6069999999999998,31.77,10.4,321.24,50.71,-18.65,0.55,139893562.86,0.22289156626506024,0.6746987951807228,0.7151777843079635,0.6024096385542168,0.5537944460769908
603993,10.2017,2.2754,13.69,10.19,248.9,6.75,-5.1,6.76,58274060005.43,0.6325301204819277,0.6144578313253012,0.4774463708492507,0.463855421686747,0.5470724360858066
600900,21.4296,3.4358,51.62,25.07,244.84,-10.34,-24.84,2.15,18161189820.97,0.40963855421686746,0.6024096385542169,0.8969291801351749,0.25,0.5397443432265648
300394,39.9376,13.0774,54.43,42.61,87.44,17.0,25.83,9.24,857000225.15,0.16265060240963858,0.3855421686746988,0.9452688803996474,0.6566265060240963,0.5375220393770204
600096,7.8038,1.9056,19.12,6.36,224.37,-6.0,-9.09,3.86,14812848114.7,0.7048192771084337,0.5903614457831325,0.5206435498089921,0.3192771084337349,0.5337753452835734
002475,23.3146,4.6026,7.87,5.23,546.86,20.5,20.78,5.34,91617852820.46,0.33132530120481923,0.7951807228915663,0.35615633264766383,0.6506024096385543,0.5333161915956509
000858,16.8247,3.9863,77.04,34.11,43.17,2.53,-5.65,5.12,21259598210.45,0.4337349397590361,0.3373493975903614,0.9758301498677637,0.3855421686746988,0.533114163972965
300476,42.7063,4.3735,25.7,12.85,25.74,38.69,355.25,4.22,3033731295.36,0.25301204819277107,0.30120481927710846,0.6722009991184249,0.8975903614457832,0.5310020570085219
601869,22.8876,1.9555,26.04,1.76,625.54,5.4,-82.5,0.51,3502911343.0,0.5301204819277108,0.8072289156626506,0.46745518660005875,0.29518072289156627,0.5249963267704966
000063,20.5787,2.6724,30.65,1.63,1766.11,-10.34,-65.73,-0.99,31254210000.0,0.463855421686747,0.927710843373494,0.5041874816338525,0.1897590361445783,0.5213781957096679
300620,176.1317,6.3061,28.18,3.61,654.74,39.87,-27.46,0.19,259926546.04,0.07831325301204822,0.8192771084337349,0.5762562444901558,0.5602409638554218,0.5085218924478402
002918,59.7748,1.3357,26.42,-1.15,278.92,-23.05,78.54,-0.57,1058663302.87,0.5060240963855421,0.6385542168674698,0.419335880105789,0.4337349397590361,0.4994122832794593
600010,-177.3939,1.6440000000000001,7.88,3.93,-1068.64,7.31,6346.29,1.02,18224101830.85,0.8132530120481928,0.060240963855421686,0.33213341169556276,0.7650602409638554,0.49267190714075815
000930,-39.8269,0.9821,8.89,0.49,40.9,-12.87,108.84,-0.35,4929415427.22,0.9096385542168675,0.3253012048192771,0.21782250955039673,0.5,0.48819056714663533
301421,146.8208,5.245,28.16,4.42,344.46,35.83,-43.72,0.35,138880174.31,0.11445783132530118,0.7108433734939759,0.606303261827799,0.5120481927710844,0.48591316485454017
002281,61.7918,4.6797,20.14,7.0,155.41,66.92,-5.0,1.95,2894524056.87,0.1987951807228916,0.4939759036144578,0.5448133999412283,0.6867469879518072,0.48108286805759626
603606,32.5497,5.2295,9.53,3.18,1155.8,22.1,-57.32,1.67,2393756973.46,0.27710843373493976,0.8674698795180723,0.314281516309139,0.463855421686747,0.4806788128122245
002991,22.2286,5.3941,35.14,15.19,31.94,22.05,-13.91,5.61,651666904.63,0.3072289156626506,0.3132530120481928,0.7695415809579782,0.5301204819277108,0.4800359976491331
300059,50.7808,5.2973,96.94,411.06,-623.1,5.57,79.81,4.51,4300744087.96,0.19277108433734935,0.08433734939759036,1.0,0.6204819277108433,0.47439759036144574
600800,-5.0837,1.8147,-5.11,-6.74,-137.67,81.97,25.12,-8.07,1406555256.63,0.7469879518072289,0.20481927710843373,0.09645900675874229,0.8072289156626506,0.46387378783426386
600594,-11.9652,1.0647,60.55,-34.86,85.71,-32.69,-128.72,-5.59,460191261.5,0.8493975903614458,0.37349397590361444,0.5297531589773729,0.10240963855421686,0.46376359094916253
002309,-4.4393,-7.4886,-0.43,-133.99,122.35,-5.14,39.26,-815.12,538707003.01,0.8855421686746988,0.4457831325301205,0.02424331472230385,0.4939759036144578,0.46238612988539524
002378,43.1056,3.6817,15.39,3.11,1440.21,-3.62,-20.61,1.47,850171744.45,0.26506024096385544,0.891566265060241,0.37533059065530416,0.3012048192771084,0.4582904789891272
688205,107.7764,4.9828,28.24,10.04,322.18,-10.78,-6.28,0.95,240628826.37,0.13855421686746988,0.6867469879518072,0.6787393476344402,0.29518072289156627,0.4498053188363209
600050,18.9027,1.0151,15.85,1.64,-604.08,9.42,16.29,-0.11,99466272962.0,0.7168674698795181,0.0963855421686747,0.327284748751102,0.5783132530120483,0.42971275345283577
002156,57.0823,3.0999,16.14,2.45,343.84,6.88,-41.05,0.55,6800400381.68,0.2891566265060241,0.6987951807228916,0.36350279165442256,0.3644578313253012,0.4289781075521599
601188,42.4305,1.0341,7.56,0.71,-12787.94,142.5,106.78,0.15,420182946.59,0.5843373493975903,0.012048192771084338,0.20548045841904203,0.9036144578313252,0.4263701146047605
000766,290.0954,6.4802,73.67,9.07,136.83,-17.51,13.18,1.37,353968547.43,0.06024096385542166,0.46987951807228917,0.8190567146635321,0.3493975903614458,0.42464369673817215
600339,41.4217,0.7527,7.21,0.01,-502.0,26.38,101.77,-0.99,34743547824.54,0.6144578313253013,0.10843373493975904,0.17521304731119602,0.7831325301204819,0.4203092859241846
601666,8.535,1.0098,20.42,3.79,-83.92,-18.38,-65.68,1.11,6962474926.74,0.8313253012048193,0.21686746987951808,0.4786218042903321,0.15060240963855423,0.4193542462533059
688271,65.8839,5.4186,46.74,17.44,155.72,-15.9,-36.03,2.79,3345821212.42,0.13855421686746988,0.5060240963855421,0.8242727005583308,0.1927710843373494,0.41540552453717305
002428,298.7942,8.6172,26.82,7.93,-138.59,31.67,64.43,0.86,264645519.96,0.03614457831325302,0.1927710843373494,0.6423009109609168,0.7710843373493976,0.4105752277402292
600702,19.1804,3.0981,53.66,-36.42,182.9,-51.13,-168.82,-3.64,897167846.77,0.45180722891566266,0.5421686746987951,0.4994122832794593,0.07228915662650602,0.3914193358801058
600396,-944.9449,10.1054,11.3,3.5,-731.97,-0.05,168.22,3.31,1332392988.84,0.5120481927710844,0.07228915662650602,0.3446223920070526,0.6204819277108433,0.3873604172788716
002842,-14.2932,2.3764,5.12,-12.8,-179.0,3.06,35.6,-7.26,445796208.62,0.6807228915662651,0.18072289156626506,0.10880105789009697,0.5421686746987951,0.3781038789303556
300293,-405.2868,8.3535,25.19,-4.9,-491.55,10.78,-16.9,-2.07,393426733.86,0.5120481927710843,0.12048192771084337,0.38297090802233325,0.4578313253012048,0.36833308845136636
002624,-39.1374,2.6253,50.3,-66.78,-370.35,-6.11,-1846.03,-12.02,1497718512.28,0.6686746987951808,0.13253012048192772,0.46914487217161327,0.13855421686746988,0.3522259770790479
002436,-1730.4449,3.7049,15.57,-22.07,-195.35,6.88,-845.53,-3.63,1465834570.6,0.6325301204819277,0.1686746987951807,0.22480164560681754,0.28012048192771083,0.3265317367029092
000566,-16.477999999999998,3.5171,37.22,-689.09,-31.16,-17.68,-1235.4,-82.4,185974229.65,0.5963855421686748,0.24096385542168675,0.38407287687334707,0.08433734939759036,0.32643990596532474
601118,62.2752,2.496,7.08,5.64,-3.62,5.5,-30.15,-0.92,9101745662.14,0.3313253012048193,0.26506024096385544,0.337790185130767,0.3433734939759036,0.31938730531883636
002735,63.3229,1.9677,16.2,-13.38,-63.96,17.85,-292.37,-4.5,676916832.26,0.37951807228915657,0.2289156626506024,0.24911842491918895,0.38554216867469876,0.31077358213341166
002174,99.4642,1.9269,20.92,-89.42,56.98,-2.04,-583.42,-4.64,437493330.61,0.3674698795180723,0.3493975903614458,0.24977960622979725,0.18674698795180725,0.28834851601528066
603123,-10.335999999999999,2.6249,2.93,-58.51,25.25,-37.3,-28.44,-13.02,533522308.28,0.6445783132530121,0.2891566265060241,0.060534822215692036,0.1566265060240964,0.28772406699970615
002739,-777.8962,3.2446,16.9,-45.25,-204.52,-23.13,-480.47,-15.7,2514963080.68,0.6566265060240963,0.1566265060240964,0.23729062591830738,0.0783132530120482,0.2822142227446371
002465,51.4825,2.1484,24.91,-9.58,-213.25,-52.23,-130.33,-1.23,1153092489.06,0.3855421686746988,0.14457831325301204,0.36482515427563916,0.0783132530120482,0.24331472230384957
002151,197.0264,2.6363,27.29,-69.11,-5.74,-53.71,-1724.11,-5.78,435626376.1,0.24096385542168675,0.25301204819277107,0.341169556273876,0.024096385542168676,0.21481046135762563
002300,34.1988,2.0428,2.62,-0.73,-2193.62,-8.33,-6454.3,-0.76,3521117949.65,0.46987951807228917,0.03614457831325301,0.13877461063767263,0.12048192771084337,0.19132015868351454
000938,37.1283,5.8911,16.8,-0.2,-2974.16,-8.64,-104.23,0.5,20184655376.96,0.2228915662650603,0.024096385542168676,0.31553041434028795,0.18674698795180722,0.18731633852483104
002792,102.5681,2.7969999999999997,14.58,-2.88,-1115.46,-19.38,-141.65,-0.89,350924032.53,0.25903614457831325,0.04819277108433735,0.24265354099324127,0.10843373493975904,0.16457904789891273
